0, Computer Code, http://arxiv.org/abs/1804.00823v4
2, Computer Vision, https://arxiv.org/abs/1901.07261
3, Computer Vision, http://arxiv.org/abs/1711.03213v3
4, Computer Vision, http://arxiv.org/abs/1612.02649v1
5, Computer Vision, http://arxiv.org/abs/1711.09020v3
6, Computer Vision, http://arxiv.org/abs/1610.05586v2
7, Computer Vision, http://arxiv.org/abs/1703.10593v6
8, Computer Vision, http://arxiv.org/abs/1611.06355v1
9, Computer Vision, http://arxiv.org/abs/1611.07004v3
10, Computer Vision, http://arxiv.org/abs/1704.02510v4
11, Computer Vision, http://arxiv.org/abs/1606.07536v2
12, Computer Vision, http://arxiv.org/abs/1612.07828v2
13, Computer Vision, http://arxiv.org/abs/1606.00704v3
14, Computer Vision, http://arxiv.org/abs/1812.09953v3
15, Computer Vision, http://arxiv.org/abs/1710.10196v3
16, Computer Vision, http://arxiv.org/abs/1812.09916v4
17, Computer Vision, http://arxiv.org/abs/1802.05957v1
18, Computer Vision, http://arxiv.org/abs/1903.06048v2
19, Computer Vision, http://arxiv.org/abs/1709.07359v2
20, Computer Vision, http://arxiv.org/abs/1704.00028v3
21, Computer Vision, http://arxiv.org/abs/1805.11565v4
22, Computer Vision, http://arxiv.org/abs/1703.01560v3
23, Computer Vision, http://arxiv.org/abs/1702.01691v2
24, Computer Vision, http://arxiv.org/abs/1606.03498v1
25, Computer Vision, http://arxiv.org/abs/1611.01673v3
26, Computer Vision, http://arxiv.org/abs/1703.10717v4
27, Computer Vision, http://arxiv.org/abs/1410.8516v6
28, Computer Vision, http://arxiv.org/abs/1502.04623v2
29, Computer Vision, http://arxiv.org/abs/1605.08803v3
30, Computer Vision, http://papers.nips.cc/paper/6581-improved-variational-inference-with-inverse-autoregressive-flow
31, Computer Vision, http://arxiv.org/abs/1802.04591v2
32, Computer Vision, http://arxiv.org/abs/1807.00734v3
33, Computer Vision, http://arxiv.org/abs/1706.08500v6
34, Computer Vision, http://arxiv.org/abs/1802.05751v3
35, Computer Vision, http://arxiv.org/abs/1903.05628v2
36, Computer Vision, http://arxiv.org/abs/1710.10916v3
37, Computer Vision, http://arxiv.org/abs/1812.04948v2
38, Computer Vision, http://arxiv.org/abs/1811.12150v1
39, Computer Vision, http://arxiv.org/abs/1804.01438v3
40, Computer Vision, http://arxiv.org/abs/1711.09349v3
41, Computer Vision, http://arxiv.org/abs/1708.04896v2
42, Computer Vision, http://arxiv.org/abs/1808.06281v3
43, Computer Vision, http://arxiv.org/abs/1711.10295v2
44, Computer Vision, http://arxiv.org/abs/1703.05693v4
45, Computer Vision, http://arxiv.org/abs/1703.07737v4
46, Computer Vision, http://arxiv.org/abs/1703.07220v2
47, Computer Vision, http://arxiv.org/abs/1707.00408v1
48, Computer Vision, http://arxiv.org/abs/1604.01850v3
49, Computer Vision, http://arxiv.org/abs/1701.07717v5
50, Computer Vision, http://arxiv.org/abs/1610.02984v1
51, Computer Vision, http://arxiv.org/abs/1406.4216v2
53, Computer Vision, http://arxiv.org/abs/1709.04329v1
54, Computer Vision, http://arxiv.org/abs/1707.00798v2
55, Computer Vision, http://arxiv.org/abs/1901.00392v1
56, Computer Vision, http://arxiv.org/abs/1703.08359v1
57, Computer Vision, http://arxiv.org/abs/1705.04724v2
58, Computer Vision, http://arxiv.org/abs/1701.08398v4
59, Computer Vision, http://arxiv.org/abs/1709.08325v1
60, Computer Vision, http://arxiv.org/abs/1707.07256v1
61, Computer Vision, http://arxiv.org/abs/1611.05666v2
62, Computer Vision, http://arxiv.org/abs/1710.06555v1
63, Computer Vision, http://arxiv.org/abs/1603.02139v1
64, Computer Vision, http://arxiv.org/abs/1811.11187v1
65, Computer Vision, http://arxiv.org/abs/1603.08182v3
66, Computer Vision, http://arxiv.org/abs/1806.02919v2
67, Computer Vision, http://arxiv.org/abs/1805.07071v2
68, Computer Vision, http://arxiv.org/abs/1608.03981v1
69, Computer Vision, http://arxiv.org/abs/1710.04026v2
70, Computer Vision, http://arxiv.org/abs/1704.03264v1
71, Computer Vision, http://arxiv.org/abs/1810.12575v1
72, Computer Vision, http://arxiv.org/abs/1812.10477v1
73, Computer Vision, http://arxiv.org/abs/1606.08921v3
74, Computer Vision, http://arxiv.org/abs/1707.07998v3
75, Computer Vision, http://arxiv.org/abs/1505.00468v7
76, Computer Vision, http://arxiv.org/abs/1612.00837v3
77, Computer Vision, http://arxiv.org/abs/1611.09978v1
78, Computer Vision, http://arxiv.org/abs/1606.01847v3
79, Computer Vision, http://arxiv.org/abs/1609.05600v2
80, Computer Vision, http://arxiv.org/abs/1606.03647v2
81, Computer Vision, http://arxiv.org/abs/1606.01455v2
82, Computer Vision, http://arxiv.org/abs/1606.00061v5
83, Computer Vision, http://arxiv.org/abs/1604.01485v1
84, Computer Vision, http://arxiv.org/abs/1512.02167v2
85, Computer Vision, http://arxiv.org/abs/1704.05526v3
86, Computer Vision, http://arxiv.org/abs/1603.02814v2
87, Computer Vision, http://arxiv.org/abs/1511.02274v2
88, Computer Vision, http://arxiv.org/abs/1511.05234v2
89, Computer Vision, http://arxiv.org/abs/1705.09759v1
90, Computer Vision, http://arxiv.org/abs/1707.08254v3
91, Computer Vision, http://arxiv.org/abs/1802.02611v3
92, Computer Vision, http://arxiv.org/abs/1706.05587v3
93, Computer Vision, http://arxiv.org/abs/1804.09337v1
94, Computer Vision, http://arxiv.org/abs/1803.08904v1
95, Computer Vision, http://arxiv.org/abs/1612.01105v2
96, Computer Vision, http://arxiv.org/abs/1611.10080v1
97, Computer Vision, http://arxiv.org/abs/1611.06612v3
98, Computer Vision, http://arxiv.org/abs/1703.02719v1
99, Computer Vision, http://arxiv.org/abs/1702.08502v3
100, Computer Vision, http://arxiv.org/abs/1606.00915v2
101, Computer Vision, http://arxiv.org/abs/1705.08790v2
102, Computer Vision, http://arxiv.org/abs/1707.02968v2
103, Computer Vision, http://arxiv.org/abs/1502.03240v3
104, Computer Vision, http://arxiv.org/abs/1412.7062v4
105, Computer Vision, http://arxiv.org/abs/1506.04579v2
106, Computer Vision, http://arxiv.org/abs/1511.07122v3
107, Computer Vision, http://arxiv.org/abs/1605.06211v1
108, Computer Vision, http://arxiv.org/abs/1903.11816v1
109, Computer Vision, http://arxiv.org/abs/1411.4038v2
110, Computer Vision, http://arxiv.org/abs/1511.00561v3
111, Computer Vision, http://arxiv.org/abs/1808.00897v1
112, Computer Vision, http://arxiv.org/abs/1611.09326v3
113, Computer Vision, http://arxiv.org/abs/1511.07053v3
114, Computer Vision, http://arxiv.org/abs/1711.08588v1
115, Computer Vision, http://arxiv.org/abs/1706.02413v1
116, Computer Vision, http://arxiv.org/abs/1903.02120v2
117, Computer Vision, http://arxiv.org/abs/1605.06885v1
118, Computer Vision, http://arxiv.org/abs/1504.01013v4
119, Computer Vision, http://arxiv.org/abs/1511.08119v4
120, Computer Vision, http://arxiv.org/abs/1503.01640v2
121, Computer Vision, http://arxiv.org/abs/1712.02616v3
122, Computer Vision, http://arxiv.org/abs/1809.00916v3
123, Computer Vision, http://arxiv.org/abs/1809.02983v3
124, Computer Vision, http://arxiv.org/abs/1903.08469v1
125, Computer Vision, http://arxiv.org/abs/1611.08323v2
126, Computer Vision, http://arxiv.org/abs/1704.08545v2
127, Computer Vision, http://arxiv.org/abs/1711.06396v1
128, Computer Vision, http://arxiv.org/abs/1711.08488v2
129, Computer Vision, http://arxiv.org/abs/1801.01671v2
130, Computer Vision, http://arxiv.org/abs/1806.02559v1
131, Computer Vision, http://arxiv.org/abs/1801.09969v1
132, Computer Vision, http://arxiv.org/abs/1802.08948v2
133, Computer Vision, http://arxiv.org/abs/1709.03272v4
134, Computer Vision, http://arxiv.org/abs/1706.09579v2
135, Computer Vision, http://arxiv.org/abs/1704.03155v2
136, Computer Vision, http://arxiv.org/abs/1708.06720v1
137, Computer Vision, http://arxiv.org/abs/1709.00138v1
138, Computer Vision, http://arxiv.org/abs/1703.06520v3
139, Computer Vision, http://arxiv.org/abs/1612.06321v4
140, Computer Vision, http://arxiv.org/abs/1604.01325v2
141, Computer Vision, http://arxiv.org/abs/1604.02426v3
142, Computer Vision, http://arxiv.org/abs/1804.00382v2
143, Computer Vision, http://arxiv.org/abs/1903.10146v1
144, Computer Vision, http://arxiv.org/abs/1801.09321v3
145, Computer Vision, http://arxiv.org/abs/1704.03557v1
146, Computer Vision, http://arxiv.org/abs/1708.03273v1
147, Computer Vision, http://arxiv.org/abs/1502.07058v1
148, Computer Vision, http://arxiv.org/abs/1809.05571v1
149, Computer Vision, http://arxiv.org/abs/1805.07036v1
150, Computer Vision, http://arxiv.org/abs/1611.00850v2
151, Computer Vision, http://arxiv.org/abs/1805.09300v3
152, Computer Vision, http://arxiv.org/abs/1803.01534v4
153, Computer Vision, http://arxiv.org/abs/1708.01241v2
154, Computer Vision, http://arxiv.org/abs/1711.07971v3
155, Computer Vision, http://arxiv.org/abs/1811.04533v3
156, Computer Vision, http://arxiv.org/abs/1901.08043v2
157, Computer Vision, http://arxiv.org/abs/1712.00726v1
158, Computer Vision, http://arxiv.org/abs/1901.03353v1
159, Computer Vision, http://arxiv.org/abs/1803.08494v3
160, Computer Vision, http://arxiv.org/abs/1711.06897v3
161, Computer Vision, http://arxiv.org/abs/1811.05181v1
162, Computer Vision, http://arxiv.org/abs/1703.06211v3
163, Computer Vision, http://arxiv.org/abs/1708.02002v2
164, Computer Vision, http://arxiv.org/abs/1807.11590v1
165, Computer Vision, http://arxiv.org/abs/1703.06870v3
166, Computer Vision, http://arxiv.org/abs/1708.08169v1
167, Computer Vision, http://arxiv.org/abs/1612.06851v2
168, Computer Vision, http://arxiv.org/abs/1612.03144v2
169, Computer Vision, http://arxiv.org/abs/1512.03385v1
170, Computer Vision, http://arxiv.org/abs/1611.10012v3
171, Computer Vision, http://arxiv.org/abs/1604.02135v2
172, Computer Vision, http://arxiv.org/abs/1804.02767v1
173, Computer Vision, http://arxiv.org/abs/1612.08242v1
174, Computer Vision, http://arxiv.org/abs/1409.4842v1
175, Computer Vision, http://arxiv.org/abs/1312.6229v4
176, Computer Vision, http://arxiv.org/abs/1708.02863v1
177, Computer Vision, http://arxiv.org/abs/1406.4729v4
178, Computer Vision, http://arxiv.org/abs/1708.02813v1
179, Computer Vision, http://arxiv.org/abs/1605.06409v2
180, Computer Vision, http://arxiv.org/abs/1604.03540v1
181, Computer Vision, http://arxiv.org/abs/1703.10295v3
182, Computer Vision, http://arxiv.org/abs/1704.03414v1
183, Computer Vision, http://arxiv.org/abs/1506.01497v3
184, Computer Vision, http://arxiv.org/abs/1504.08083v2
185, Computer Vision, http://arxiv.org/abs/1604.04693v3
186, Computer Vision, http://arxiv.org/abs/1506.02640v5
187, Computer Vision, http://arxiv.org/abs/1811.12596v1
188, Computer Vision, http://arxiv.org/abs/1802.00434v1
189, Computer Vision, http://arxiv.org/abs/1603.06937v2
190, Computer Vision, http://arxiv.org/abs/1602.00134v4
191, Computer Vision, http://arxiv.org/abs/1711.07399v3
192, Computer Vision, http://arxiv.org/abs/1603.07076v3
193, Computer Vision, http://arxiv.org/abs/1902.09212v1
194, Computer Vision, http://arxiv.org/abs/1708.01101v1
195, Computer Vision, http://arxiv.org/abs/1702.07432v1
196, Computer Vision, http://arxiv.org/abs/1808.02194v2
197, Computer Vision, http://arxiv.org/abs/1705.02407v2
198, Computer Vision, http://arxiv.org/abs/1711.08229v4
199, Computer Vision, http://arxiv.org/abs/1808.06521v1
200, Computer Vision, http://arxiv.org/abs/1605.03170v3
201, Computer Vision, http://arxiv.org/abs/1511.06645v2
202, Computer Vision, http://arxiv.org/abs/1710.02322v1
203, Computer Vision, http://arxiv.org/abs/1804.06208v2
205, Computer Vision, http://arxiv.org/abs/1808.00157v1
206, Computer Vision, http://arxiv.org/abs/1708.03416v2
207, Computer Vision, http://arxiv.org/abs/1711.08996v1
208, Computer Vision, http://arxiv.org/abs/1702.02447v2
209, Computer Vision, http://arxiv.org/abs/1708.08325v1
210, Computer Vision, http://arxiv.org/abs/1811.06965v4
211, Computer Vision, http://arxiv.org/abs/1901.09321v2
212, Computer Vision, http://arxiv.org/abs/1803.05407v3
213, Computer Vision, http://arxiv.org/abs/1608.06993v5
214, Computer Vision, http://arxiv.org/abs/1412.6071v4
215, Computer Vision, http://arxiv.org/abs/1802.06205v1
216, Computer Vision, http://arxiv.org/abs/1703.01041v2
217, Computer Vision, http://arxiv.org/abs/1412.6806v3
218, Computer Vision, http://arxiv.org/abs/1608.06037v7
219, Computer Vision, http://arxiv.org/abs/1603.05027v3
220, Computer Vision, http://arxiv.org/abs/1707.04873v2
221, Computer Vision, http://arxiv.org/abs/1705.09792v4
222, Computer Vision, http://arxiv.org/abs/1604.04112v4
223, Computer Vision, http://arxiv.org/abs/1511.06422v7
224, Computer Vision, http://arxiv.org/abs/1509.08985v2
225, Computer Vision, http://arxiv.org/abs/1409.6070v1
226, Computer Vision, http://arxiv.org/abs/1502.05700v2
227, Computer Vision, http://arxiv.org/abs/1511.07289v5
228, Computer Vision, http://arxiv.org/abs/1511.03719v7
229, Computer Vision, http://arxiv.org/abs/1511.02583v1
230, Computer Vision, http://arxiv.org/abs/1511.05635v1
231, Computer Vision, http://arxiv.org/abs/1412.6830v3
232, Computer Vision, http://arxiv.org/abs/1507.06228v2
233, Computer Vision, http://arxiv.org/abs/1506.02351v8
234, Computer Vision, http://arxiv.org/abs/1409.5185v2
235, Computer Vision, http://papers.nips.cc/paper/5647-binaryconnect-training-deep-neural-networks-with-binary-weights-during-propagations
236, Computer Vision, http://arxiv.org/abs/1701.06264v6
237, Computer Vision, http://arxiv.org/abs/1508.00330v2
238, Computer Vision, http://papers.nips.cc/paper/5649-spectral-representations-for-convolutional-neural-networks
239, Computer Vision, http://arxiv.org/abs/1312.4400v3
240, Computer Vision, http://papers.nips.cc/paper/5276-deep-networks-with-internal-selective-attention-through-feedback-connections
241, Computer Vision, http://arxiv.org/abs/1302.4389v4
242, Computer Vision, http://arxiv.org/abs/1312.6116v2
243, Computer Vision, http://papers.nips.cc/paper/4522-practical-bayesian-optimization-of-machine-learning-algorithms
244, Computer Vision, http://arxiv.org/abs/1505.03229v1
245, Computer Vision, http://arxiv.org/abs/1710.02286v1
246, Computer Vision, http://papers.nips.cc/paper/4824-imagenet-classification-with-deep-convolutional-neural-networks
247, Computer Vision, http://arxiv.org/abs/1505.00853v2
248, Computer Vision, http://arxiv.org/abs/1202.2745v1
249, Computer Vision, http://arxiv.org/abs/1505.00393v3
250, Computer Vision, http://arxiv.org/abs/1412.6597v4
251, Computer Vision, http://arxiv.org/abs/1301.3557v1
252, Computer Vision, http://arxiv.org/abs/1207.0580v1
253, Computer Vision, http://arxiv.org/abs/1406.3332v2
254, Computer Vision, http://papers.nips.cc/paper/5548-discriminative-unsupervised-feature-learning-with-convolutional-neural-networks
255, Computer Vision, http://papers.nips.cc/paper/4747-learning-with-recursive-perceptual-representations
256, Computer Vision, http://arxiv.org/abs/1404.3606v2
257, Computer Vision, http://arxiv.org/abs/1503.04596v3
258, Computer Vision, http://arxiv.org/abs/1603.09382v3
259, Computer Vision, http://arxiv.org/abs/1605.07146v4
260, Computer Vision, http://arxiv.org/abs/1709.10282v1
261, Computer Vision, http://arxiv.org/abs/1709.01507v3
262, Computer Vision, http://arxiv.org/abs/1707.06642v2
263, Computer Vision, http://arxiv.org/abs/1710.09829v2
264, Computer Vision, http://arxiv.org/abs/1706.02003v2
265, Computer Vision, http://arxiv.org/abs/1410.0736v4
266, Computer Vision, http://papers.nips.cc/paper/5029-discriminative-transfer-learning-with-tree-based-priors
267, Computer Vision, https://arxiv.org/abs/1807.06653
268, Computer Vision, http://arxiv.org/abs/1708.04552v2
269, Computer Vision, http://arxiv.org/abs/1611.06430v1
270, Computer Vision, http://arxiv.org/abs/1511.06241v2
271, Computer Vision, http://papers.nips.cc/paper/5086-multi-task-bayesian-optimization
272, Computer Vision, http://arxiv.org/abs/1412.7259v3
273, Computer Vision, http://arxiv.org/abs/1406.5947v1
274, Computer Vision, http://arxiv.org/abs/1402.5766v1
275, Computer Vision, http://arxiv.org/abs/1709.07634v2
276, Computer Vision, http://arxiv.org/abs/1605.07648v4
277, Computer Vision, http://arxiv.org/abs/1312.6082v4
278, Computer Vision, http://arxiv.org/abs/1802.01548v7
279, Computer Vision, http://arxiv.org/abs/1707.07012v4
280, Computer Vision, http://arxiv.org/abs/1707.01629v2
281, Computer Vision, http://arxiv.org/abs/1611.05725v2
282, Computer Vision, http://arxiv.org/abs/1611.05431v2
283, Computer Vision, http://arxiv.org/abs/1602.07261v2
284, Computer Vision, http://arxiv.org/abs/1610.02357v3
285, Computer Vision, http://arxiv.org/abs/1512.00567v3
286, Computer Vision, http://arxiv.org/abs/1502.03167v3
287, Computer Vision, http://arxiv.org/abs/1707.01083v2
288, Computer Vision, http://arxiv.org/abs/1704.04861v1
289, Computer Vision, http://arxiv.org/abs/1502.00702v2
290, Computer Vision, http://arxiv.org/abs/1412.7149v4
291, Computer Vision, http://arxiv.org/abs/1603.08367v1
292, Computer Vision, http://arxiv.org/abs/1412.6572v3
293, Computer Vision, http://arxiv.org/abs/1809.02693v1
294, Computer Vision, http://arxiv.org/abs/1708.05237v3
295, Computer Vision, http://arxiv.org/abs/1811.11662v1
296, Computer Vision, http://arxiv.org/abs/1603.01249v3
297, Computer Vision, http://arxiv.org/abs/1707.09531v2
298, Computer Vision, http://arxiv.org/abs/1708.05234v4
299, Computer Vision, http://arxiv.org/abs/1607.05477v1
300, Computer Vision, http://arxiv.org/abs/1408.1656v3
301, Computer Vision, http://arxiv.org/abs/1606.00850v3
302, Computer Vision, http://arxiv.org/abs/1810.10220v2
303, Computer Vision, http://arxiv.org/abs/1803.07737v2
304, Computer Vision, http://arxiv.org/abs/1802.02142v1
305, Computer Vision, http://arxiv.org/abs/1709.05256v2
306, Computer Vision, http://arxiv.org/abs/1612.04402v2
307, Computer Vision, http://arxiv.org/abs/1606.05413v1
308, Computer Vision, http://arxiv.org/abs/1604.02878v1
309, Computer Vision, http://arxiv.org/abs/1701.01692v1
310, Computer Vision, http://arxiv.org/abs/1511.06523v1
311, Computer Vision, http://arxiv.org/abs/1407.4023v2
312, Computer Vision, http://arxiv.org/abs/1607.07155v1
313, Computer Vision, http://papers.nips.cc/paper/6612-dual-agent-gans-for-photorealistic-and-identity-preserving-profile-face-synthesis
314, Computer Vision, http://arxiv.org/abs/1703.09507v3
315, Computer Vision, http://arxiv.org/abs/1803.00839v1
316, Computer Vision, http://arxiv.org/abs/1603.05474v4
317, Computer Vision, http://arxiv.org/abs/1603.03958v3
318, Computer Vision, http://arxiv.org/abs/1611.00851v1
319, Computer Vision, http://arxiv.org/abs/1708.07517v2
320, Computer Vision, http://arxiv.org/abs/1604.05417v3
321, Computer Vision, http://arxiv.org/abs/1603.07057v2
322, Computer Vision, http://arxiv.org/abs/1508.01722v2
323, Computer Vision, http://arxiv.org/abs/1603.07388v1
324, Computer Vision, http://arxiv.org/abs/1507.07242v2
325, Computer Vision, http://arxiv.org/abs/1801.07698v3
326, Computer Vision, http://arxiv.org/abs/1801.09414v2
327, Computer Vision, http://arxiv.org/abs/1704.08063v4
328, Computer Vision, http://arxiv.org/abs/1503.03832v3
329, Computer Vision, http://arxiv.org/abs/1511.02683v4
330, Computer Vision, http://arxiv.org/abs/1809.00338v2
331, Computer Vision, http://arxiv.org/abs/1807.09192v1
332, Computer Vision, http://arxiv.org/abs/1803.06524v2
333, Computer Vision, http://arxiv.org/abs/1704.03373v1
334, Computer Vision, http://arxiv.org/abs/1807.08512v4
335, Computer Vision, http://arxiv.org/abs/1412.1265v1
336, Computer Vision, http://arxiv.org/abs/1612.04904v1
337, Computer Vision, http://arxiv.org/abs/1803.00130v1
338, Computer Vision, http://arxiv.org/abs/1406.4773v1
339, Computer Vision, http://arxiv.org/abs/1404.3840v3
340, Computer Vision, http://arxiv.org/abs/1810.09951v1
341, Computer Vision, http://arxiv.org/abs/1805.04855v1
342, Computer Vision, http://arxiv.org/abs/1701.01879v2
343, Computer Vision, http://arxiv.org/abs/1509.05371v2
344, Computer Vision, http://arxiv.org/abs/1812.05784v1
345, Computer Vision, http://arxiv.org/abs/1611.02200v1
346, Computer Vision, http://arxiv.org/abs/1702.05464v1
347, Computer Vision, http://arxiv.org/abs/1409.7495v2
348, Computer Vision, https://arxiv.org/abs/1902.06871
349, Computer Vision, https://arxiv.org/abs/1812.02122
350, Graphs, http://arxiv.org/abs/1811.02798v1
351, Graphs, http://arxiv.org/abs/1611.07308v1
352, Graphs, http://arxiv.org/abs/1901.09590v1
353, Graphs, http://arxiv.org/abs/1808.07018v3
354, Graphs, http://arxiv.org/abs/1802.04394v5
355, Graphs, http://arxiv.org/abs/1707.01476v6
356, Graphs, http://arxiv.org/abs/1802.04868v2
357, Graphs, http://arxiv.org/abs/1705.02426v2
358, Graphs, http://arxiv.org/abs/1606.06357v1
359, Graphs, http://arxiv.org/abs/1610.09369v1
360, Graphs, http://arxiv.org/abs/1412.6575v4
362, Graphs, http://arxiv.org/abs/1605.05273v4
363, Graphs, http://arxiv.org/abs/1805.11921v3
364, Graphs, http://arxiv.org/abs/1805.08090v4
365, Graphs, http://arxiv.org/abs/1808.03965v1
366, Graphs, http://arxiv.org/abs/1803.10459v3
367, Graphs, http://arxiv.org/abs/1809.10341v2
368, Graphs, http://arxiv.org/abs/1802.08352v2
369, Graphs, http://arxiv.org/abs/1609.02907v4
370, Graphs, http://arxiv.org/abs/1606.09375v3
371, Graphs, http://arxiv.org/abs/1603.08861v2
372, Graphs, http://arxiv.org/abs/1403.6652v2
373, Graphs, http://arxiv.org/abs/1711.08267v1
374, Graphs, http://arxiv.org/abs/1704.03165v3
375, Graphs, http://arxiv.org/abs/1607.00653v1
376, Graphs, http://arxiv.org/abs/1503.03578v1
377, Medical, http://arxiv.org/abs/1709.03741v2
378, Medical, http://arxiv.org/abs/1509.09292v2
379, Medical, http://arxiv.org/abs/1704.01212v2
380, Medical, http://arxiv.org/abs/1511.05493v4
381, Medical, http://arxiv.org/abs/1603.00856v3
382, Medical, http://arxiv.org/abs/1706.02515v5
383, Medical, http://arxiv.org/abs/1505.04597v1
384, Medical, http://arxiv.org/abs/1804.02967v2
385, Medical, http://arxiv.org/abs/1806.02750v1
386, Medical, http://arxiv.org/abs/1803.06589v2
387, Medical, http://arxiv.org/abs/1806.04185v1
388, Methodology, http://arxiv.org/abs/1805.01890v2
389, Methodology, http://arxiv.org/abs/1702.06925v3
390, Methodology, http://arxiv.org/abs/1903.05503v1
391, Miscellaneous, http://arxiv.org/abs/1802.09127v1
392, Miscellaneous, http://arxiv.org/abs/1606.03976v5
393, Miscellaneous, http://arxiv.org/abs/1803.05170v3
394, Miscellaneous, http://arxiv.org/abs/1703.04247v1
395, Miscellaneous, http://arxiv.org/abs/1611.00144v1
396, Miscellaneous, http://arxiv.org/abs/1606.07792v1
397, Miscellaneous, http://arxiv.org/abs/1601.02376v1
398, Miscellaneous, http://arxiv.org/abs/1706.06978v4
399, Natural Language Processing, http://arxiv.org/abs/1807.03819v3
400, Natural Language Processing, http://arxiv.org/abs/1901.07291v1
401, Natural Language Processing, http://arxiv.org/abs/1606.02891v2
402, Natural Language Processing, http://arxiv.org/abs/1711.02281v2
403, Natural Language Processing, http://arxiv.org/abs/1802.06901v3
404, Natural Language Processing, http://arxiv.org/abs/1606.07947v4
405, Natural Language Processing, http://arxiv.org/abs/1508.07909v5
406, Natural Language Processing, http://arxiv.org/abs/1706.03762v5
407, Natural Language Processing, http://arxiv.org/abs/1808.03867v3
408, Natural Language Processing, http://arxiv.org/abs/1809.06858v1
409, Natural Language Processing, http://arxiv.org/abs/1807.03756v2
410, Natural Language Processing, http://arxiv.org/abs/1711.04956v5
411, Natural Language Processing, http://arxiv.org/abs/1705.03122v3
412, Natural Language Processing, http://arxiv.org/abs/1611.02344v3
413, Natural Language Processing, http://arxiv.org/abs/1706.05565v8
414, Natural Language Processing, http://arxiv.org/abs/1607.07086v3
415, Natural Language Processing, http://arxiv.org/abs/1711.01068v2
416, Natural Language Processing, http://arxiv.org/abs/1409.0473v7
417, Natural Language Processing, http://arxiv.org/abs/1606.02960v2
418, Natural Language Processing, http://arxiv.org/abs/1511.06732v7
419, Natural Language Processing, http://arxiv.org/abs/1611.01576v2
420, Natural Language Processing, http://arxiv.org/abs/1809.01272v1
421, Natural Language Processing, http://arxiv.org/abs/1606.02892v2
422, Natural Language Processing, http://arxiv.org/abs/1804.09057v1
423, Natural Language Processing, http://arxiv.org/abs/1711.00043v2
424, Natural Language Processing, http://arxiv.org/abs/1610.10099v2
426, Natural Language Processing, http://arxiv.org/abs/1603.06147v4
427, Natural Language Processing, http://arxiv.org/abs/1710.11041v2
428, Natural Language Processing, http://arxiv.org/abs/1901.10430v2
429, Natural Language Processing, http://arxiv.org/abs/1806.00187v3
430, Natural Language Processing, http://arxiv.org/abs/1901.11117v3
431, Natural Language Processing, http://arxiv.org/abs/1803.02155v2
432, Natural Language Processing, http://arxiv.org/abs/1711.02132v1
433, Natural Language Processing, http://arxiv.org/abs/1709.02755v5
434, Natural Language Processing, http://arxiv.org/abs/1609.08144v2
435, Natural Language Processing, http://arxiv.org/abs/1706.03059v2
436, Natural Language Processing, http://arxiv.org/abs/1701.06538v1
437, Natural Language Processing, http://arxiv.org/abs/1606.04199v3
438, Natural Language Processing, http://arxiv.org/abs/1804.07755v2
439, Natural Language Processing, http://arxiv.org/abs/1607.04315v3
440, Natural Language Processing, http://arxiv.org/abs/1804.09849v2
442, Natural Language Processing, http://arxiv.org/abs/1808.09381v2
443, Natural Language Processing, http://arxiv.org/abs/1410.8206v4
444, Natural Language Processing, http://arxiv.org/abs/1409.3215v3
445, Natural Language Processing, http://arxiv.org/abs/1406.1078v3
446, Natural Language Processing, http://arxiv.org/abs/1409.2329v5
447, Natural Language Processing, http://arxiv.org/abs/1610.08613v2
448, Natural Language Processing, http://arxiv.org/abs/1711.04903v2
449, Natural Language Processing, http://arxiv.org/abs/1604.05529v3
450, Natural Language Processing, http://arxiv.org/abs/1705.05952v2
451, Natural Language Processing, http://arxiv.org/abs/1805.08237v1
452, Natural Language Processing, https://aclanthology.coli.uni-saarland.de/papers/C18-1139/c18-1139
453, Natural Language Processing, http://arxiv.org/abs/1508.02096v2
454, Natural Language Processing, http://arxiv.org/abs/1703.06345v1
455, Natural Language Processing, http://arxiv.org/abs/1603.01354v5
456, Natural Language Processing, http://arxiv.org/abs/1805.02474v1
457, Natural Language Processing, http://arxiv.org/abs/1709.04109v4
458, Natural Language Processing, http://arxiv.org/abs/1806.05626v2
459, Natural Language Processing, http://arxiv.org/abs/1704.07156v1
461, Natural Language Processing, http://arxiv.org/abs/1611.04361v1
462, Natural Language Processing, https://aclanthology.coli.uni-saarland.de/papers/S18-1116/s18-1116
463, Natural Language Processing, https://aclanthology.coli.uni-saarland.de/papers/S18-1152/s18-1152
465, Natural Language Processing, https://aclanthology.coli.uni-saarland.de/papers/S18-1150/s18-1150
466, Natural Language Processing, https://aclanthology.coli.uni-saarland.de/papers/S18-1147/s18-1147
467, Natural Language Processing, https://aclanthology.coli.uni-saarland.de/papers/S18-1151/s18-1151
468, Natural Language Processing, http://arxiv.org/abs/1612.04460v2
469, Natural Language Processing, https://aclanthology.coli.uni-saarland.de/papers/S18-1148/s18-1148
470, Natural Language Processing, https://aclanthology.coli.uni-saarland.de/papers/S18-1146/s18-1146
471, Natural Language Processing, http://arxiv.org/abs/1707.07847v3
473, Natural Language Processing, http://arxiv.org/abs/1801.01641v1
474, Natural Language Processing, http://arxiv.org/abs/1412.1632v1
475, Natural Language Processing, https://aclanthology.coli.uni-saarland.de/papers/N18-1140/n18-1140
476, Natural Language Processing, http://arxiv.org/abs/1506.02075v1
477, Natural Language Processing, http://arxiv.org/abs/1810.04805v1
478, Natural Language Processing, http://arxiv.org/abs/1705.02798v6
479, Natural Language Processing, http://arxiv.org/abs/1802.05365v2
480, Natural Language Processing, http://arxiv.org/abs/1712.03556v2
481, Natural Language Processing, http://arxiv.org/abs/1711.07341v2
482, Natural Language Processing, http://arxiv.org/abs/1711.00106v2
483, Natural Language Processing, http://arxiv.org/abs/1710.10504v2
484, Natural Language Processing, http://arxiv.org/abs/1707.09098v1
485, Natural Language Processing, http://arxiv.org/abs/1712.03609v4
486, Natural Language Processing, https://aclanthology.coli.uni-saarland.de/papers/P17-1018/p17-1018
487, Natural Language Processing, http://arxiv.org/abs/1804.09541v1
488, Natural Language Processing, http://arxiv.org/abs/1809.03449v1
489, Natural Language Processing, http://arxiv.org/abs/1609.05284v3
490, Natural Language Processing, http://arxiv.org/abs/1703.00572v3
491, Natural Language Processing, http://arxiv.org/abs/1612.04211v1
492, Natural Language Processing, http://arxiv.org/abs/1611.01603v6
493, Natural Language Processing, http://arxiv.org/abs/1703.04617v2
494, Natural Language Processing, http://arxiv.org/abs/1710.10723v2
495, Natural Language Processing, http://arxiv.org/abs/1611.01604v4
496, Natural Language Processing, http://arxiv.org/abs/1710.02772v1
497, Natural Language Processing, http://arxiv.org/abs/1708.00107v2
498, Natural Language Processing, http://arxiv.org/abs/1611.01436v2
499, Natural Language Processing, http://arxiv.org/abs/1703.04816v3
500, Natural Language Processing, http://arxiv.org/abs/1704.00051v2
501, Natural Language Processing, http://arxiv.org/abs/1704.07415v1
502, Natural Language Processing, http://arxiv.org/abs/1608.07905v2
503, Natural Language Processing, http://arxiv.org/abs/1810.09580v1
504, Natural Language Processing, http://arxiv.org/abs/1706.00286v3
505, Natural Language Processing, http://arxiv.org/abs/1610.09996v2
506, Natural Language Processing, http://arxiv.org/abs/1611.01724v2
507, Natural Language Processing, http://arxiv.org/abs/1603.08884v1
508, Natural Language Processing, http://arxiv.org/abs/1901.08634v2
509, Natural Language Processing, http://arxiv.org/abs/1901.00603v1
510, Natural Language Processing, http://arxiv.org/abs/1804.05922v1
511, Natural Language Processing, http://arxiv.org/abs/1809.06309v2
512, Natural Language Processing, http://arxiv.org/abs/1710.06481v2
513, Natural Language Processing, http://arxiv.org/abs/1606.04582v6
514, Natural Language Processing, http://arxiv.org/abs/1612.03969v3
515, Natural Language Processing, http://arxiv.org/abs/1607.00036v2
516, Natural Language Processing, http://arxiv.org/abs/1503.08895v5
517, Natural Language Processing, http://arxiv.org/abs/1711.08028v4
518, Natural Language Processing, http://arxiv.org/abs/1801.08459v2
519, Natural Language Processing, http://arxiv.org/abs/1610.09027v1
520, Natural Language Processing, http://arxiv.org/abs/1710.09537v1
521, Natural Language Processing, http://arxiv.org/abs/1706.02761v3
523, Natural Language Processing, http://arxiv.org/abs/1602.03609v1
524, Natural Language Processing, http://arxiv.org/abs/1503.03244v1
526, Natural Language Processing, http://arxiv.org/abs/1511.06038v4
527, Natural Language Processing, http://arxiv.org/abs/1405.4053v2
528, Natural Language Processing, http://arxiv.org/abs/1812.03593v5
529, Natural Language Processing, http://arxiv.org/abs/1810.06683v2
530, Natural Language Processing, http://arxiv.org/abs/1809.10735v1
531, Natural Language Processing, http://arxiv.org/abs/1808.07042v1
532, Natural Language Processing, http://arxiv.org/abs/1901.02262v1
533, Natural Language Processing, http://arxiv.org/abs/1811.11374v1
534, Natural Language Processing, http://arxiv.org/abs/1805.02220v2
536, Natural Language Processing, https://aclanthology.coli.uni-saarland.de/papers/D17-1168/d17-1168
537, Natural Language Processing, https://aclanthology.coli.uni-saarland.de/papers/N18-2015/n18-2015
538, Natural Language Processing, http://arxiv.org/abs/1406.3676v3
539, Natural Language Processing, http://arxiv.org/abs/1404.4326v1
540, Natural Language Processing, http://arxiv.org/abs/1808.05759v5
541, Natural Language Processing, http://arxiv.org/abs/1810.06638v1
542, Natural Language Processing, http://arxiv.org/abs/1706.02596v3
543, Natural Language Processing, http://arxiv.org/abs/1703.02620v1
544, Natural Language Processing, http://arxiv.org/abs/1606.01549v3
545, Natural Language Processing, http://arxiv.org/abs/1606.02858v2
546, Natural Language Processing, http://arxiv.org/abs/1606.02245v4
547, Natural Language Processing, http://arxiv.org/abs/1603.01547v2
548, Natural Language Processing, http://arxiv.org/abs/1607.04423v4
549, Natural Language Processing, http://arxiv.org/abs/1606.02270v2
551, Natural Language Processing, http://arxiv.org/abs/1506.03340v3
552, Natural Language Processing, http://arxiv.org/abs/1803.09074v1
553, Natural Language Processing, https://aclanthology.coli.uni-saarland.de/papers/K17-1009/k17-1009
554, Natural Language Processing, http://arxiv.org/abs/1707.04412v1
556, Natural Language Processing, http://arxiv.org/abs/1811.04210v1
557, Natural Language Processing, https://aclanthology.coli.uni-saarland.de/papers/D18-1238/d18-1238
558, Natural Language Processing, http://arxiv.org/abs/1712.07040v1
559, Natural Language Processing, http://arxiv.org/abs/1606.03126v2
560, Natural Language Processing, http://arxiv.org/abs/1602.07019v2
561, Natural Language Processing, http://arxiv.org/abs/1809.01812v1
562, Natural Language Processing, http://arxiv.org/abs/1801.08290v1
563, Natural Language Processing, http://arxiv.org/abs/1805.08092v1
564, Natural Language Processing, http://arxiv.org/abs/1901.11504v1
565, Natural Language Processing, http://arxiv.org/abs/1808.08762v1
566, Natural Language Processing, http://arxiv.org/abs/1801.00102v2
567, Natural Language Processing, http://arxiv.org/abs/1812.01840v2
568, Natural Language Processing, http://arxiv.org/abs/1804.07461v3
569, Natural Language Processing, http://arxiv.org/abs/1804.00079v1
570, Natural Language Processing, http://arxiv.org/abs/1806.05645v1
571, Natural Language Processing, http://arxiv.org/abs/1805.11360v2
573, Natural Language Processing, https://aclanthology.coli.uni-saarland.de/papers/P18-1091/p18-1091
575, Natural Language Processing, http://arxiv.org/abs/1802.05577v2
576, Natural Language Processing, http://arxiv.org/abs/1809.02794v1
577, Natural Language Processing, http://arxiv.org/abs/1711.04289v3
578, Natural Language Processing, http://arxiv.org/abs/1709.04348v2
579, Natural Language Processing, http://arxiv.org/abs/1702.03814v3
580, Natural Language Processing, http://arxiv.org/abs/1609.06038v3
581, Natural Language Processing, http://arxiv.org/abs/1804.07888v1
582, Natural Language Processing, http://arxiv.org/abs/1808.07383v1
583, Natural Language Processing, http://arxiv.org/abs/1607.04492v2
584, Natural Language Processing, http://arxiv.org/abs/1809.02279v1
585, Natural Language Processing, http://arxiv.org/abs/1606.01933v2
586, Natural Language Processing, http://arxiv.org/abs/1812.01216v1
587, Natural Language Processing, http://arxiv.org/abs/1804.07983v2
588, Natural Language Processing, http://arxiv.org/abs/1806.09828v1
589, Natural Language Processing, http://arxiv.org/abs/1801.10296v2
590, Natural Language Processing, http://arxiv.org/abs/1712.02047v1
591, Natural Language Processing, http://arxiv.org/abs/1601.06733v7
592, Natural Language Processing, http://arxiv.org/abs/1512.08849v2
593, Natural Language Processing, http://arxiv.org/abs/1707.02786v4
594, Natural Language Processing, http://arxiv.org/abs/1708.02312v2
595, Natural Language Processing, http://arxiv.org/abs/1709.04696v3
596, Natural Language Processing, http://arxiv.org/abs/1708.01353v1
597, Natural Language Processing, http://arxiv.org/abs/1605.05573v2
598, Natural Language Processing, http://arxiv.org/abs/1605.09090v1
600, Natural Language Processing, http://arxiv.org/abs/1705.02364v5
601, Natural Language Processing, http://arxiv.org/abs/1509.06664v4
602, Natural Language Processing, http://arxiv.org/abs/1603.06021v3
603, Natural Language Processing, http://arxiv.org/abs/1512.08422v3
604, Natural Language Processing, http://arxiv.org/abs/1511.06361v6
605, Natural Language Processing, http://arxiv.org/abs/1508.05326v1
606, Natural Language Processing, http://arxiv.org/abs/1709.08624v2
607, Natural Language Processing, http://arxiv.org/abs/1705.11001v3
608, Natural Language Processing, http://arxiv.org/abs/1609.05473v6
609, Natural Language Processing, http://arxiv.org/abs/1901.05534v2
610, Natural Language Processing, http://arxiv.org/abs/1802.02550v7
611, Natural Language Processing, http://arxiv.org/abs/1702.08139v2
612, Natural Language Processing, http://arxiv.org/abs/1808.08795v1
613, Natural Language Processing, http://arxiv.org/abs/1805.02473v3
614, Natural Language Processing, http://arxiv.org/abs/1808.08703v2
615, Natural Language Processing, https://aclanthology.coli.uni-saarland.de/papers/N18-1202/n18-1202
616, Natural Language Processing, https://aclanthology.coli.uni-saarland.de/papers/D17-1120/d17-1120
617, Natural Language Processing, https://aclanthology.coli.uni-saarland.de/papers/P18-1230/p18-1230
618, Natural Language Processing, http://arxiv.org/abs/1811.00960v1
619, Natural Language Processing, http://arxiv.org/abs/1603.07012v2
620, Natural Language Processing, http://arxiv.org/abs/1805.08028v2
621, Natural Language Processing, http://arxiv.org/abs/1801.01900v1
622, Natural Language Processing, http://arxiv.org/abs/1808.10143v2
623, Natural Language Processing, http://arxiv.org/abs/1808.05908v4
624, Natural Language Processing, http://arxiv.org/abs/1711.03953v4
625, Natural Language Processing, http://arxiv.org/abs/1709.07432v2
626, Natural Language Processing, https://arxiv.org/abs/1903.04167
627, Natural Language Processing, http://arxiv.org/abs/1708.02182v1
628, Natural Language Processing, http://arxiv.org/abs/1903.04167v2
629, Natural Language Processing, http://arxiv.org/abs/1810.06682v2
630, Natural Language Processing, http://arxiv.org/abs/1901.02860v2
631, Natural Language Processing, http://arxiv.org/abs/1805.09208v2
632, Natural Language Processing, http://arxiv.org/abs/1806.09055v1
633, Natural Language Processing, http://arxiv.org/abs/1711.00066v4
634, Natural Language Processing, http://arxiv.org/abs/1802.03268v2
635, Natural Language Processing, http://arxiv.org/abs/1611.01578v2
636, Natural Language Processing, http://arxiv.org/abs/1607.03474v5
637, Natural Language Processing, http://arxiv.org/abs/1611.01462v3
638, Natural Language Processing, http://arxiv.org/abs/1808.04444v2
639, Natural Language Processing, http://arxiv.org/abs/1609.07959v3
640, Natural Language Processing, http://arxiv.org/abs/1705.08639v2
641, Natural Language Processing, http://arxiv.org/abs/1609.01704v7
642, Natural Language Processing, http://arxiv.org/abs/1609.09106v4
643, Natural Language Processing, http://arxiv.org/abs/1809.10853v3
644, Natural Language Processing, http://arxiv.org/abs/1803.10049v1
645, Natural Language Processing, http://arxiv.org/abs/1803.08240v1
646, Natural Language Processing, http://arxiv.org/abs/1612.08083v3
647, Natural Language Processing, http://arxiv.org/abs/1612.04426v1
649, Natural Language Processing, http://arxiv.org/abs/1811.02084v1
650, Natural Language Processing, http://arxiv.org/abs/1602.02410v2
651, Natural Language Processing, http://arxiv.org/abs/1703.10722v3
652, Natural Language Processing, http://arxiv.org/abs/1312.3005v3
653, Natural Language Processing, http://arxiv.org/abs/1412.1454v2
654, Natural Language Processing, http://arxiv.org/abs/1603.09025v5
655, Natural Language Processing, http://arxiv.org/abs/1704.07221v1
656, Natural Language Processing, https://aclanthology.coli.uni-saarland.de/papers/S17-2080/s17-2080
657, Natural Language Processing, http://arxiv.org/abs/1902.07153v1
658, Natural Language Processing, http://arxiv.org/abs/1809.10185v1
659, Natural Language Processing, https://aclanthology.coli.uni-saarland.de/papers/D17-1004/d17-1004
660, Natural Language Processing, http://arxiv.org/abs/1903.10676v1
661, Natural Language Processing, http://arxiv.org/abs/1710.03476v1
662, Natural Language Processing, http://arxiv.org/abs/1810.02245v1
663, Natural Language Processing, http://arxiv.org/abs/1901.05280v1
664, Natural Language Processing, https://aclanthology.coli.uni-saarland.de/papers/P18-2058/p18-2058
665, Natural Language Processing, http://arxiv.org/abs/1712.01586v1
666, Natural Language Processing, https://aclanthology.coli.uni-saarland.de/papers/P17-1044/p17-1044
667, Natural Language Processing, http://arxiv.org/abs/1804.08199v3
668, Natural Language Processing, http://arxiv.org/abs/1803.11175v2
669, Natural Language Processing, http://arxiv.org/abs/1809.08887v5
670, Natural Language Processing, https://aclanthology.coli.uni-saarland.de/papers/N18-2046/n18-2046
671, Natural Language Processing, https://aclanthology.coli.uni-saarland.de/papers/D18-1274/d18-1274
672, Natural Language Processing, https://aclanthology.coli.uni-saarland.de/papers/N18-1055/n18-1055
673, Natural Language Processing, http://arxiv.org/abs/1801.08831v1
674, Natural Language Processing, http://arxiv.org/abs/1807.01270v5
675, Natural Language Processing, http://arxiv.org/abs/1807.03955v2
676, Natural Language Processing, http://arxiv.org/abs/1603.06042v2
677, Natural Language Processing, http://arxiv.org/abs/1506.06158v1
678, Natural Language Processing, http://arxiv.org/abs/1611.01734v3
679, Natural Language Processing, http://arxiv.org/abs/1609.07561v1
680, Natural Language Processing, http://arxiv.org/abs/1603.04351v3
681, Natural Language Processing, http://arxiv.org/abs/1603.03793v2
682, Natural Language Processing, http://arxiv.org/abs/1809.08370v1
683, Natural Language Processing, http://arxiv.org/abs/1808.03731v2
684, Natural Language Processing, https://aclanthology.coli.uni-saarland.de/papers/C18-1230/c18-1230
685, Natural Language Processing, http://arxiv.org/abs/1805.07340v2
686, Natural Language Processing, http://arxiv.org/abs/1808.09315v1
687, Natural Language Processing, http://arxiv.org/abs/1807.04990v1
688, Natural Language Processing, http://arxiv.org/abs/1812.01527v1
691, Natural Language Processing, http://arxiv.org/abs/1511.08630v2
692, Natural Language Processing, http://arxiv.org/abs/1805.09843v1
694, Natural Language Processing, http://arxiv.org/abs/1702.01417v2
695, Natural Language Processing, https://aclanthology.coli.uni-saarland.de/papers/W17-5535/w17-5535
696, Natural Language Processing, http://arxiv.org/abs/1809.04505v1
697, Natural Language Processing, http://arxiv.org/abs/1801.06146v5
698, Natural Language Processing, https://aclanthology.coli.uni-saarland.de/papers/P17-1052/p17-1052
699, Natural Language Processing, https://aclanthology.coli.uni-saarland.de/papers/P18-1215/p18-1215
700, Natural Language Processing, http://arxiv.org/abs/1602.02373v2
701, Natural Language Processing, http://arxiv.org/abs/1810.09177v3
702, Natural Language Processing, http://arxiv.org/abs/1805.04174v1
703, Natural Language Processing, http://arxiv.org/abs/1607.01759v3
704, Natural Language Processing, http://arxiv.org/abs/1509.01626v3
705, Natural Language Processing, http://arxiv.org/abs/1901.09821v1
706, Natural Language Processing, http://arxiv.org/abs/1903.07785v1
708, Natural Language Processing, http://arxiv.org/abs/1704.01444v2
709, Natural Language Processing, http://arxiv.org/abs/1707.01780v3
710, Natural Language Processing, http://arxiv.org/abs/1812.01207v1
711, Natural Language Processing, http://arxiv.org/abs/1611.06639v1
712, Natural Language Processing, http://arxiv.org/abs/1806.01501v1
713, Natural Language Processing, https://aclanthology.coli.uni-saarland.de/papers/P18-1235/p18-1235
714, Natural Language Processing, http://arxiv.org/abs/1804.00538v4
715, Natural Language Processing, https://aclanthology.coli.uni-saarland.de/papers/C18-1172/c18-1172
716, Natural Language Processing, http://arxiv.org/abs/1704.06125v1
717, Natural Language Processing, https://aclanthology.coli.uni-saarland.de/papers/S17-2126/s17-2126
718, Natural Language Processing, http://arxiv.org/abs/1605.07725v3
719, Natural Language Processing, http://arxiv.org/abs/1412.1058v2
720, Natural Language Processing, http://arxiv.org/abs/1811.03873v1
721, Natural Language Processing, http://arxiv.org/abs/1810.09311v1
722, Natural Language Processing, http://arxiv.org/abs/1804.09530v1
723, Natural Language Processing, http://arxiv.org/abs/1511.00830v6
724, Natural Language Processing, http://arxiv.org/abs/1702.08400v3
725, Natural Language Processing, http://arxiv.org/abs/1505.07818v4
726, Natural Language Processing, http://arxiv.org/abs/1809.05679v3
727, Natural Language Processing, http://arxiv.org/abs/1811.09386v1
728, Natural Language Processing, http://arxiv.org/abs/1807.02291v1
729, Natural Language Processing, http://arxiv.org/abs/1808.09644v1
730, Natural Language Processing, http://arxiv.org/abs/1709.08294v3
731, Natural Language Processing, https://aclanthology.coli.uni-saarland.de/papers/N18-1127/n18-1127
732, Natural Language Processing, https://aclanthology.coli.uni-saarland.de/papers/W17-4422/w17-4422
733, Natural Language Processing, http://arxiv.org/abs/1808.09075v1
734, Natural Language Processing, http://arxiv.org/abs/1804.07827v2
735, Natural Language Processing, http://arxiv.org/abs/1705.00108v1
736, Natural Language Processing, https://aclanthology.coli.uni-saarland.de/papers/P18-2038/p18-2038
737, Natural Language Processing, http://arxiv.org/abs/1603.01360v3
738, Natural Language Processing, https://aclanthology.coli.uni-saarland.de/papers/D18-1020/d18-1020
739, Natural Language Processing, http://arxiv.org/abs/1806.03489v1
740, Natural Language Processing, http://arxiv.org/abs/1702.02098v3
741, Natural Language Processing, http://arxiv.org/abs/1808.09602v1
742, Natural Language Processing, http://arxiv.org/abs/1809.07950v1
743, Natural Language Processing, http://arxiv.org/abs/1812.04361v2
746, Natural Language Processing, https://aclanthology.coli.uni-saarland.de/papers/C16-1116/c16-1116
747, Natural Language Processing, http://arxiv.org/abs/1606.01781v2
748, Natural Language Processing, http://arxiv.org/abs/1805.07745v4
749, Natural Language Processing, http://arxiv.org/abs/1806.05516v1
750, Natural Language Processing, http://arxiv.org/abs/1504.01106v5
751, Natural Language Processing, http://arxiv.org/abs/1704.05579v4
752, Natural Language Processing, http://arxiv.org/abs/1805.06413v1
755, Natural Language Processing, http://arxiv.org/abs/1810.12936v1
756, Natural Language Processing, http://arxiv.org/abs/1704.08803v2
757, Natural Language Processing, http://arxiv.org/abs/1711.08611v1
758, Natural Language Processing, http://arxiv.org/abs/1809.01682v2
759, Natural Language Processing, http://arxiv.org/abs/1504.05070v2
760, Natural Language Processing, http://arxiv.org/abs/1810.01808v1
761, Natural Language Processing, https://aclanthology.coli.uni-saarland.de/papers/N18-2108/n18-2108
762, Natural Language Processing, http://arxiv.org/abs/1707.07045v2
763, Natural Language Processing, http://arxiv.org/abs/1704.04920v3
766, Natural Language Processing, http://arxiv.org/abs/1611.01587v5
767, Natural Language Processing, http://arxiv.org/abs/1810.03541v1
770, Natural Language Processing, http://arxiv.org/abs/1805.01052v1
771, Natural Language Processing, http://arxiv.org/abs/1707.03058v1
772, Natural Language Processing, https://aclanthology.coli.uni-saarland.de/papers/P18-2097/p18-2097
773, Natural Language Processing, https://aclanthology.coli.uni-saarland.de/papers/Q17-1029/q17-1029
775, Natural Language Processing, http://arxiv.org/abs/1611.05774v2
776, Natural Language Processing, http://arxiv.org/abs/1412.7449v3
777, Natural Language Processing, http://arxiv.org/abs/1602.07776v4
778, Natural Language Processing, https://aclanthology.coli.uni-saarland.de/papers/E17-2047/e17-2047
779, Natural Language Processing, https://aclanthology.coli.uni-saarland.de/papers/D17-1222/d17-1222
780, Natural Language Processing, https://aclanthology.coli.uni-saarland.de/papers/C18-1121/c18-1121
781, Natural Language Processing, https://aclanthology.coli.uni-saarland.de/papers/P17-1101/p17-1101
783, Natural Language Processing, http://arxiv.org/abs/1602.06023v5
784, Natural Language Processing, http://arxiv.org/abs/1711.04434v1
785, Natural Language Processing, https://aclanthology.coli.uni-saarland.de/papers/P18-1015/p18-1015
786, Natural Language Processing, https://aclanthology.coli.uni-saarland.de/papers/N18-1064/n18-1064
787, Natural Language Processing, https://aclanthology.coli.uni-saarland.de/papers/P18-2027/p18-2027
788, Natural Language Processing, https://aclanthology.coli.uni-saarland.de/papers/P18-1064/p18-1064
789, Natural Language Processing, https://aclanthology.coli.uni-saarland.de/papers/C18-1146/c18-1146
790, Natural Language Processing, http://arxiv.org/abs/1704.04565v2
791, Natural Language Processing, http://arxiv.org/abs/1812.10464v1
792, Natural Language Processing, http://arxiv.org/abs/1811.01136v1
793, Natural Language Processing, http://arxiv.org/abs/1511.06709v4
794, Natural Language Processing, http://arxiv.org/abs/1901.04085v4
795, Natural Language Processing, http://arxiv.org/abs/1903.07666v1
796, Natural Language Processing, https://aclanthology.coli.uni-saarland.de/papers/W18-0524/w18-0524
797, Natural Language Processing, http://arxiv.org/abs/1808.09419v1
798, Playing Games, http://arxiv.org/abs/1811.04551v3
799, Playing Games, http://arxiv.org/abs/1511.06581v3
800, Playing Games, http://arxiv.org/abs/1602.07714v2
801, Playing Games, http://arxiv.org/abs/1511.05952v4
802, Playing Games, http://arxiv.org/abs/1806.06923v1
803, Playing Games, http://arxiv.org/abs/1602.04621v3
804, Playing Games, http://arxiv.org/abs/1602.01783v2
805, Playing Games, http://arxiv.org/abs/1509.06461v3
806, Playing Games, http://arxiv.org/abs/1707.06887v1
807, Playing Games, http://arxiv.org/abs/1507.04296v2
808, Playing Games, http://arxiv.org/abs/1703.03864v2
809, Playing Games, http://arxiv.org/abs/1207.4708v2
810, Playing Games, http://arxiv.org/abs/1611.04717v3
811, Playing Games, http://arxiv.org/abs/1703.01310v2
812, Playing Games, http://arxiv.org/abs/1606.01868v2
813, Playing Games, http://arxiv.org/abs/1706.08090v1
814, Playing Games, http://arxiv.org/abs/1507.00814v3
815, Playing Games, http://arxiv.org/abs/1312.5602v1
816, Playing Games, http://arxiv.org/abs/1810.12894v1
817, Playing Games, http://arxiv.org/abs/1811.01483v3
818, Playing Games, http://arxiv.org/abs/1807.11622v3
819, Playing Games, http://arxiv.org/abs/1803.00933v1
820, Playing Games, http://arxiv.org/abs/1802.01561v3
821, Playing Games, http://arxiv.org/abs/1704.04651v2
822, Playing Games, http://arxiv.org/abs/1712.01815v1
823, Reasoning, http://arxiv.org/abs/1808.05326v1
824, Reasoning, http://arxiv.org/abs/1806.02847v1
825, Reasoning, http://arxiv.org/abs/1805.06939v1
827, Speech, http://arxiv.org/abs/1512.02595v1
828, Speech, http://arxiv.org/abs/1805.10190v3
829, Speech, http://arxiv.org/abs/1703.02136v1
830, Speech, http://arxiv.org/abs/1610.05256v2
831, Speech, http://arxiv.org/abs/1609.03528v2
832, Speech, http://arxiv.org/abs/1604.08242v2
833, Speech, http://arxiv.org/abs/1505.05899v1
834, Speech, http://arxiv.org/abs/1509.08967v2
835, Speech, http://arxiv.org/abs/1412.5567v2
836, Speech, http://arxiv.org/abs/1406.7806v2
837, Speech, http://arxiv.org/abs/1811.07453v2
838, Speech, http://arxiv.org/abs/1803.10225v1
839, Speech, http://arxiv.org/abs/1603.00223v2
840, Speech, http://arxiv.org/abs/1506.07503v1
841, Speech, http://arxiv.org/abs/1303.5778v1
842, Speech, http://arxiv.org/abs/1806.07789v1
843, Speech, http://arxiv.org/abs/1704.00784v2
846, Speech, http://arxiv.org/abs/1504.01482v1
847, Speech, http://arxiv.org/abs/1810.04826v4
848, Speech, http://arxiv.org/abs/1805.03294v1
849, Speech, http://arxiv.org/abs/1712.09444v2
850, Speech, http://arxiv.org/abs/1712.07101v1
851, Speech, http://arxiv.org/abs/1609.03499v2
852, Speech, http://arxiv.org/abs/1712.05884v2
853, Speech, http://arxiv.org/abs/1703.10135v2
854, Time Series, http://arxiv.org/abs/1707.01926v3
