Computer Vision, https://doi.org/10.1016/j.compenvurbsys.2012.06.001
Natural Language Processing, http://arxiv.org/abs/1807.03819v3
Natural Language Processing, http://arxiv.org/abs/1901.07291v1
Natural Language Processing, http://arxiv.org/abs/1606.02891v2
Natural Language Processing, http://arxiv.org/abs/1711.02281v2
Natural Language Processing, http://arxiv.org/abs/1802.06901v3
Natural Language Processing, http://arxiv.org/abs/1606.07947v4
Natural Language Processing, http://arxiv.org/abs/1508.07909v5
Natural Language Processing, http://arxiv.org/abs/1706.03762v5
Natural Language Processing, http://arxiv.org/abs/1808.03867v3
Natural Language Processing, http://arxiv.org/abs/1809.06858v1
Natural Language Processing, http://arxiv.org/abs/1807.03756v2
Natural Language Processing, http://arxiv.org/abs/1711.04956v5
Natural Language Processing, http://arxiv.org/abs/1705.03122v3
Natural Language Processing, http://arxiv.org/abs/1611.02344v3
Natural Language Processing, http://arxiv.org/abs/1706.05565v8
Natural Language Processing, http://arxiv.org/abs/1607.07086v3
Natural Language Processing, http://arxiv.org/abs/1711.01068v2
Natural Language Processing, http://arxiv.org/abs/1409.0473v7
Natural Language Processing, http://arxiv.org/abs/1606.02960v2
Natural Language Processing, http://arxiv.org/abs/1511.06732v7
Natural Language Processing, http://arxiv.org/abs/1611.01576v2
Natural Language Processing, http://arxiv.org/abs/1809.01272v1
Natural Language Processing, http://arxiv.org/abs/1606.02892v2
Natural Language Processing, http://arxiv.org/abs/1804.09057v1
Natural Language Processing, http://arxiv.org/abs/1711.00043v2
Natural Language Processing, http://arxiv.org/abs/1610.10099v2
Natural Language Processing, http://arxiv.org/abs/1603.06147v4
Natural Language Processing, http://arxiv.org/abs/1710.11041v2
Natural Language Processing, http://arxiv.org/abs/1901.10430v2
Natural Language Processing, http://arxiv.org/abs/1806.00187v3
Natural Language Processing, http://arxiv.org/abs/1901.11117v3
Natural Language Processing, http://arxiv.org/abs/1803.02155v2
Natural Language Processing, http://arxiv.org/abs/1711.02132v1
Natural Language Processing, http://arxiv.org/abs/1709.02755v5
Natural Language Processing, http://arxiv.org/abs/1609.08144v2
Natural Language Processing, http://arxiv.org/abs/1706.03059v2
Natural Language Processing, http://arxiv.org/abs/1701.06538v1
Natural Language Processing, http://arxiv.org/abs/1606.04199v3
Natural Language Processing, http://arxiv.org/abs/1804.07755v2
Natural Language Processing, http://arxiv.org/abs/1607.04315v3
Natural Language Processing, http://arxiv.org/abs/1804.09849v2
Natural Language Processing, https://aclanthology.coli.uni-saarland.de/papers/W16-2320/w16-2320
Natural Language Processing, http://arxiv.org/abs/1808.09381v2
Natural Language Processing, http://arxiv.org/abs/1410.8206v4
Natural Language Processing, http://arxiv.org/abs/1409.3215v3
Natural Language Processing, http://arxiv.org/abs/1406.1078v3
Natural Language Processing, http://arxiv.org/abs/1409.2329v5
Natural Language Processing, http://arxiv.org/abs/1610.08613v2
Graphs, http://arxiv.org/abs/1811.02798v1
Graphs, http://arxiv.org/abs/1611.07308v1
Graphs, http://arxiv.org/abs/1901.09590v1
Graphs, http://arxiv.org/abs/1808.07018v3
Graphs, http://arxiv.org/abs/1802.04394v5
Graphs, http://arxiv.org/abs/1707.01476v6
Graphs, http://arxiv.org/abs/1802.04868v2
Graphs, http://arxiv.org/abs/1705.02426v2
Graphs, http://arxiv.org/abs/1606.06357v1
Graphs, http://arxiv.org/abs/1610.09369v1
Graphs, http://arxiv.org/abs/1412.6575v4
Computer Vision, https://arxiv.org/abs/1901.07261
Computer Vision, http://arxiv.org/abs/1711.03213v3
Computer Vision, http://arxiv.org/abs/1612.02649v1
Computer Vision, http://arxiv.org/abs/1711.09020v3
Computer Vision, http://arxiv.org/abs/1610.05586v2
Computer Vision, http://arxiv.org/abs/1703.10593v6
Computer Vision, http://arxiv.org/abs/1611.06355v1
Computer Vision, http://arxiv.org/abs/1611.07004v3
Computer Vision, http://arxiv.org/abs/1704.02510v4
Computer Vision, http://arxiv.org/abs/1606.07536v2
Computer Vision, http://arxiv.org/abs/1612.07828v2
Computer Vision, http://arxiv.org/abs/1606.00704v3
Computer Vision, http://arxiv.org/abs/1812.09953v3
Speech, https://www.cs.jhu.edu/~hxu/neural-network-language.pdf
Speech, http://arxiv.org/abs/1512.02595v1
Speech, http://arxiv.org/abs/1805.10190v3
Speech, http://arxiv.org/abs/1703.02136v1
Speech, http://arxiv.org/abs/1610.05256v2
Speech, http://arxiv.org/abs/1609.03528v2
Speech, http://arxiv.org/abs/1604.08242v2
Speech, http://arxiv.org/abs/1505.05899v1
Speech, http://arxiv.org/abs/1509.08967v2
Speech, http://arxiv.org/abs/1412.5567v2
Speech, http://arxiv.org/abs/1406.7806v2
Speech, http://arxiv.org/abs/1811.07453v2
Speech, http://arxiv.org/abs/1803.10225v1
Speech, http://arxiv.org/abs/1603.00223v2
Speech, http://arxiv.org/abs/1506.07503v1
Speech, http://arxiv.org/abs/1303.5778v1
Speech, http://arxiv.org/abs/1806.07789v1
Speech, http://arxiv.org/abs/1704.00784v2
Speech, https://www.danielpovey.com/files/2016_interspeech_mmi.pdf
Speech, https://www.isca-speech.org/archive/Interspeech_2018/abstracts/1423.html
Speech, http://arxiv.org/abs/1504.01482v1
Speech, http://arxiv.org/abs/1810.04826v4
Speech, http://arxiv.org/abs/1805.03294v1
Speech, http://arxiv.org/abs/1712.09444v2
Speech, http://arxiv.org/abs/1712.07101v1
Natural Language Processing, http://arxiv.org/abs/1711.04903v2
Natural Language Processing, http://arxiv.org/abs/1604.05529v3
Natural Language Processing, http://arxiv.org/abs/1705.05952v2
Natural Language Processing, http://arxiv.org/abs/1805.08237v1
Natural Language Processing, https://aclanthology.coli.uni-saarland.de/papers/C18-1139/c18-1139
Natural Language Processing, http://arxiv.org/abs/1508.02096v2
Natural Language Processing, http://arxiv.org/abs/1703.06345v1
Natural Language Processing, http://arxiv.org/abs/1603.01354v5
Natural Language Processing, http://arxiv.org/abs/1805.02474v1
Natural Language Processing, http://arxiv.org/abs/1709.04109v4
Natural Language Processing, http://arxiv.org/abs/1806.05626v2
Natural Language Processing, http://arxiv.org/abs/1704.07156v1
Natural Language Processing, https://aclanthology.coli.uni-saarland.de/papers/N16-1027/n16-1027
Natural Language Processing, http://arxiv.org/abs/1611.04361v1
Natural Language Processing, https://aclanthology.coli.uni-saarland.de/papers/S18-1116/s18-1116
Natural Language Processing, https://aclanthology.coli.uni-saarland.de/papers/S18-1152/s18-1152
Natural Language Processing, https://aclanthology.coli.uni-saarland.de/papers/D16-1041/d16-1041
Natural Language Processing, https://aclanthology.coli.uni-saarland.de/papers/S18-1150/s18-1150
Natural Language Processing, https://aclanthology.coli.uni-saarland.de/papers/S18-1147/s18-1147
Natural Language Processing, https://aclanthology.coli.uni-saarland.de/papers/S18-1151/s18-1151
Natural Language Processing, http://arxiv.org/abs/1612.04460v2
Natural Language Processing, https://aclanthology.coli.uni-saarland.de/papers/S18-1148/s18-1148
Natural Language Processing, https://aclanthology.coli.uni-saarland.de/papers/S18-1146/s18-1146
Computer Vision, http://arxiv.org/abs/1710.10196v3
Computer Vision, http://arxiv.org/abs/1812.09916v4
Computer Vision, http://arxiv.org/abs/1802.05957v1
Computer Vision, http://arxiv.org/abs/1903.06048v2
Computer Vision, http://arxiv.org/abs/1709.07359v2
Computer Vision, http://arxiv.org/abs/1704.00028v3
Computer Vision, http://arxiv.org/abs/1805.11565v4
Computer Vision, http://arxiv.org/abs/1703.01560v3
Computer Vision, http://arxiv.org/abs/1702.01691v2
Computer Vision, http://arxiv.org/abs/1606.03498v1
Computer Vision, http://arxiv.org/abs/1611.01673v3
Computer Vision, http://arxiv.org/abs/1703.10717v4
Computer Vision, http://arxiv.org/abs/1410.8516v6
Computer Vision, http://arxiv.org/abs/1502.04623v2
Computer Vision, http://arxiv.org/abs/1605.08803v3
Computer Vision, http://papers.nips.cc/paper/6581-improved-variational-inference-with-inverse-autoregressive-flow
Computer Vision, http://arxiv.org/abs/1802.04591v2
Computer Vision, http://arxiv.org/abs/1807.00734v3
Computer Vision, http://arxiv.org/abs/1706.08500v6
Computer Vision, http://arxiv.org/abs/1802.05751v3
Computer Vision, http://arxiv.org/abs/1903.05628v2
Computer Vision, http://arxiv.org/abs/1710.10916v3
Computer Vision, http://arxiv.org/abs/1812.04948v2
Computer Vision, http://arxiv.org/abs/1811.12150v1
Computer Vision, http://arxiv.org/abs/1804.01438v3
Computer Vision, http://arxiv.org/abs/1711.09349v3
Computer Vision, http://arxiv.org/abs/1708.04896v2
Computer Vision, http://arxiv.org/abs/1808.06281v3
Computer Vision, http://arxiv.org/abs/1711.10295v2
Computer Vision, http://arxiv.org/abs/1703.05693v4
Computer Vision, http://arxiv.org/abs/1703.07737v4
Computer Vision, http://arxiv.org/abs/1703.07220v2
Computer Vision, http://arxiv.org/abs/1707.00408v1
Computer Vision, http://arxiv.org/abs/1604.01850v3
Computer Vision, http://arxiv.org/abs/1701.07717v5
Computer Vision, http://arxiv.org/abs/1610.02984v1
Computer Vision, http://arxiv.org/abs/1406.4216v2
Computer Vision, http://openaccess.thecvf.com/content_iccv_2015/html/Zheng_Scalable_Person_Re-Identification_ICCV_2015_paper.html
Computer Vision, http://arxiv.org/abs/1709.04329v1
Computer Vision, http://arxiv.org/abs/1707.00798v2
Computer Vision, http://arxiv.org/abs/1901.00392v1
Computer Vision, http://arxiv.org/abs/1703.08359v1
Computer Vision, http://arxiv.org/abs/1705.04724v2
Computer Vision, http://arxiv.org/abs/1701.08398v4
Computer Vision, http://arxiv.org/abs/1709.08325v1
Computer Vision, http://arxiv.org/abs/1707.07256v1
Computer Vision, http://arxiv.org/abs/1611.05666v2
Computer Vision, http://arxiv.org/abs/1710.06555v1
Computer Vision, http://arxiv.org/abs/1603.02139v1
Computer Vision, http://arxiv.org/abs/1811.11187v1
Computer Vision, http://arxiv.org/abs/1603.08182v3
Computer Vision, http://arxiv.org/abs/1806.02919v2
Computer Vision, http://arxiv.org/abs/1805.07071v2
Computer Vision, http://arxiv.org/abs/1608.03981v1
Computer Vision, http://arxiv.org/abs/1710.04026v2
Computer Vision, http://arxiv.org/abs/1704.03264v1
Computer Vision, http://arxiv.org/abs/1810.12575v1
Computer Vision, http://arxiv.org/abs/1812.10477v1
Computer Vision, http://arxiv.org/abs/1606.08921v3
Natural Language Processing, http://arxiv.org/abs/1707.07847v3
Natural Language Processing, https://aclanthology.coli.uni-saarland.de/papers/N16-1108/n16-1108
Natural Language Processing, http://arxiv.org/abs/1801.01641v1
Natural Language Processing, http://arxiv.org/abs/1412.1632v1
Natural Language Processing, https://aclanthology.coli.uni-saarland.de/papers/N18-1140/n18-1140
Natural Language Processing, http://arxiv.org/abs/1506.02075v1
Natural Language Processing, http://arxiv.org/abs/1810.04805v1
Natural Language Processing, http://arxiv.org/abs/1705.02798v6
Natural Language Processing, http://arxiv.org/abs/1802.05365v2
Natural Language Processing, http://arxiv.org/abs/1712.03556v2
Natural Language Processing, http://arxiv.org/abs/1711.07341v2
Natural Language Processing, http://arxiv.org/abs/1711.00106v2
Natural Language Processing, http://arxiv.org/abs/1710.10504v2
Natural Language Processing, http://arxiv.org/abs/1707.09098v1
Natural Language Processing, http://arxiv.org/abs/1712.03609v4
Natural Language Processing, https://aclanthology.coli.uni-saarland.de/papers/P17-1018/p17-1018
Natural Language Processing, http://arxiv.org/abs/1804.09541v1
Natural Language Processing, http://arxiv.org/abs/1809.03449v1
Natural Language Processing, http://arxiv.org/abs/1609.05284v3
Natural Language Processing, http://arxiv.org/abs/1703.00572v3
Natural Language Processing, http://arxiv.org/abs/1612.04211v1
Natural Language Processing, http://arxiv.org/abs/1611.01603v6
Natural Language Processing, http://arxiv.org/abs/1703.04617v2
Natural Language Processing, http://arxiv.org/abs/1710.10723v2
Natural Language Processing, http://arxiv.org/abs/1611.01604v4
Natural Language Processing, http://arxiv.org/abs/1710.02772v1
Natural Language Processing, http://arxiv.org/abs/1708.00107v2
Natural Language Processing, http://arxiv.org/abs/1611.01436v2
Natural Language Processing, http://arxiv.org/abs/1703.04816v3
Natural Language Processing, http://arxiv.org/abs/1704.00051v2
Natural Language Processing, http://arxiv.org/abs/1704.07415v1
Natural Language Processing, http://arxiv.org/abs/1608.07905v2
Natural Language Processing, http://arxiv.org/abs/1810.09580v1
Natural Language Processing, http://arxiv.org/abs/1706.00286v3
Natural Language Processing, http://arxiv.org/abs/1610.09996v2
Natural Language Processing, http://arxiv.org/abs/1611.01724v2
Natural Language Processing, http://arxiv.org/abs/1603.08884v1
Natural Language Processing, http://arxiv.org/abs/1901.08634v2
Natural Language Processing, http://arxiv.org/abs/1901.00603v1
Natural Language Processing, http://arxiv.org/abs/1804.05922v1
Natural Language Processing, http://arxiv.org/abs/1809.06309v2
Natural Language Processing, http://arxiv.org/abs/1710.06481v2
Natural Language Processing, http://arxiv.org/abs/1606.04582v6
Natural Language Processing, http://arxiv.org/abs/1612.03969v3
Natural Language Processing, http://arxiv.org/abs/1607.00036v2
Natural Language Processing, http://arxiv.org/abs/1503.08895v5
Natural Language Processing, http://arxiv.org/abs/1711.08028v4
Natural Language Processing, http://arxiv.org/abs/1801.08459v2
Natural Language Processing, http://arxiv.org/abs/1610.09027v1
Natural Language Processing, http://arxiv.org/abs/1710.09537v1
Natural Language Processing, http://arxiv.org/abs/1706.02761v3
Natural Language Processing, https://aclanthology.coli.uni-saarland.de/papers/S16-1138/s16-1138
Natural Language Processing, http://arxiv.org/abs/1602.03609v1
Natural Language Processing, http://arxiv.org/abs/1503.03244v1
Natural Language Processing, https://aclanthology.coli.uni-saarland.de/papers/S16-1172/s16-1172
Natural Language Processing, http://arxiv.org/abs/1511.06038v4
Natural Language Processing, http://arxiv.org/abs/1405.4053v2
Natural Language Processing, http://arxiv.org/abs/1812.03593v5
Natural Language Processing, http://arxiv.org/abs/1810.06683v2
Natural Language Processing, http://arxiv.org/abs/1809.10735v1
Natural Language Processing, http://arxiv.org/abs/1808.07042v1
Natural Language Processing, http://arxiv.org/abs/1901.02262v1
Natural Language Processing, http://arxiv.org/abs/1811.11374v1
Natural Language Processing, http://arxiv.org/abs/1805.02220v2
Natural Language Processing, https://aclanthology.coli.uni-saarland.de/papers/S16-1027/s16-1027
Natural Language Processing, https://aclanthology.coli.uni-saarland.de/papers/D17-1168/d17-1168
Natural Language Processing, https://aclanthology.coli.uni-saarland.de/papers/N18-2015/n18-2015
Natural Language Processing, http://arxiv.org/abs/1406.3676v3
Natural Language Processing, http://arxiv.org/abs/1404.4326v1
Natural Language Processing, http://arxiv.org/abs/1808.05759v5
Natural Language Processing, http://arxiv.org/abs/1810.06638v1
Natural Language Processing, http://arxiv.org/abs/1706.02596v3
Natural Language Processing, http://arxiv.org/abs/1703.02620v1
Natural Language Processing, http://arxiv.org/abs/1606.01549v3
Natural Language Processing, http://arxiv.org/abs/1606.02858v2
Natural Language Processing, http://arxiv.org/abs/1606.02245v4
Natural Language Processing, http://arxiv.org/abs/1603.01547v2
Natural Language Processing, http://arxiv.org/abs/1607.04423v4
Natural Language Processing, http://arxiv.org/abs/1606.02270v2
Natural Language Processing, https://aclanthology.coli.uni-saarland.de/papers/N16-1099/n16-1099
Natural Language Processing, http://arxiv.org/abs/1506.03340v3
Natural Language Processing, http://arxiv.org/abs/1803.09074v1
Natural Language Processing, https://aclanthology.coli.uni-saarland.de/papers/K17-1009/k17-1009
Natural Language Processing, http://arxiv.org/abs/1707.04412v1
Natural Language Processing, https://d4mucfpksywv.cloudfront.net/better-language-models/language-models.pdf
Natural Language Processing, http://arxiv.org/abs/1811.04210v1
Natural Language Processing, https://aclanthology.coli.uni-saarland.de/papers/D18-1238/d18-1238
Natural Language Processing, http://arxiv.org/abs/1712.07040v1
Natural Language Processing, http://arxiv.org/abs/1606.03126v2
Natural Language Processing, http://arxiv.org/abs/1602.07019v2
Natural Language Processing, http://arxiv.org/abs/1809.01812v1
Natural Language Processing, http://arxiv.org/abs/1801.08290v1
Natural Language Processing, http://arxiv.org/abs/1805.08092v1
Computer Vision, http://arxiv.org/abs/1707.07998v3
Computer Vision, http://arxiv.org/abs/1505.00468v7
Computer Vision, http://arxiv.org/abs/1612.00837v3
Computer Vision, http://arxiv.org/abs/1611.09978v1
Computer Vision, http://arxiv.org/abs/1606.01847v3
Computer Vision, http://arxiv.org/abs/1609.05600v2
Computer Vision, http://arxiv.org/abs/1606.03647v2
Computer Vision, http://arxiv.org/abs/1606.01455v2
Computer Vision, http://arxiv.org/abs/1606.00061v5
Computer Vision, http://arxiv.org/abs/1604.01485v1
Computer Vision, http://arxiv.org/abs/1512.02167v2
Computer Vision, http://arxiv.org/abs/1704.05526v3
Computer Vision, http://arxiv.org/abs/1603.02814v2
Computer Vision, http://arxiv.org/abs/1511.02274v2
Computer Vision, http://arxiv.org/abs/1511.05234v2
Natural Language Processing, http://arxiv.org/abs/1901.11504v1
Natural Language Processing, http://arxiv.org/abs/1808.08762v1
Natural Language Processing, http://arxiv.org/abs/1801.00102v2
Natural Language Processing, http://arxiv.org/abs/1812.01840v2
Natural Language Processing, http://arxiv.org/abs/1804.07461v3
Natural Language Processing, http://arxiv.org/abs/1804.00079v1
Natural Language Processing, http://arxiv.org/abs/1806.05645v1
Natural Language Processing, http://arxiv.org/abs/1805.11360v2
Natural Language Processing, https://s3-us-west-2.amazonaws.com/openai-assets/research-covers/language-unsupervised/language_understanding_paper.pdf
Natural Language Processing, https://aclanthology.coli.uni-saarland.de/papers/P18-1091/p18-1091
Natural Language Processing, https://www.ijcai.org/proceedings/2018/0613
Natural Language Processing, http://arxiv.org/abs/1802.05577v2
Natural Language Processing, http://arxiv.org/abs/1809.02794v1
Natural Language Processing, http://arxiv.org/abs/1711.04289v3
Natural Language Processing, http://arxiv.org/abs/1709.04348v2
Natural Language Processing, http://arxiv.org/abs/1702.03814v3
Natural Language Processing, http://arxiv.org/abs/1609.06038v3
Natural Language Processing, http://arxiv.org/abs/1804.07888v1
Natural Language Processing, http://arxiv.org/abs/1808.07383v1
Natural Language Processing, http://arxiv.org/abs/1607.04492v2
Natural Language Processing, http://arxiv.org/abs/1809.02279v1
Natural Language Processing, http://arxiv.org/abs/1606.01933v2
Natural Language Processing, http://arxiv.org/abs/1812.01216v1
Natural Language Processing, http://arxiv.org/abs/1804.07983v2
Natural Language Processing, http://arxiv.org/abs/1806.09828v1
Natural Language Processing, http://arxiv.org/abs/1801.10296v2
Natural Language Processing, http://arxiv.org/abs/1712.02047v1
Natural Language Processing, http://arxiv.org/abs/1601.06733v7
Natural Language Processing, http://arxiv.org/abs/1512.08849v2
Natural Language Processing, http://arxiv.org/abs/1707.02786v4
Natural Language Processing, http://arxiv.org/abs/1708.02312v2
Natural Language Processing, http://arxiv.org/abs/1709.04696v3
Natural Language Processing, http://arxiv.org/abs/1708.01353v1
Natural Language Processing, http://arxiv.org/abs/1605.05573v2
Natural Language Processing, http://arxiv.org/abs/1605.09090v1
Natural Language Processing, https://aclanthology.coli.uni-saarland.de/papers/P16-1098/p16-1098
Natural Language Processing, http://arxiv.org/abs/1705.02364v5
Natural Language Processing, http://arxiv.org/abs/1509.06664v4
Natural Language Processing, http://arxiv.org/abs/1603.06021v3
Natural Language Processing, http://arxiv.org/abs/1512.08422v3
Natural Language Processing, http://arxiv.org/abs/1511.06361v6
Natural Language Processing, http://arxiv.org/abs/1508.05326v1
Natural Language Processing, http://arxiv.org/abs/1709.08624v2
Natural Language Processing, http://arxiv.org/abs/1705.11001v3
Natural Language Processing, http://arxiv.org/abs/1609.05473v6
Natural Language Processing, http://arxiv.org/abs/1901.05534v2
Natural Language Processing, http://arxiv.org/abs/1802.02550v7
Natural Language Processing, http://arxiv.org/abs/1702.08139v2
Natural Language Processing, http://arxiv.org/abs/1808.08795v1
Natural Language Processing, http://arxiv.org/abs/1805.02473v3
Natural Language Processing, http://arxiv.org/abs/1808.08703v2
Reasoning, http://arxiv.org/abs/1808.05326v1
Reasoning, http://arxiv.org/abs/1806.02847v1
Reasoning, http://arxiv.org/abs/1805.06939v1
Natural Language Processing, https://aclanthology.coli.uni-saarland.de/papers/N18-1202/n18-1202
Natural Language Processing, https://aclanthology.coli.uni-saarland.de/papers/D17-1120/d17-1120
Natural Language Processing, https://aclanthology.coli.uni-saarland.de/papers/P18-1230/p18-1230
Natural Language Processing, http://arxiv.org/abs/1811.00960v1
Natural Language Processing, http://arxiv.org/abs/1603.07012v2
Natural Language Processing, http://arxiv.org/abs/1805.08028v2
Natural Language Processing, http://arxiv.org/abs/1801.01900v1
Natural Language Processing, http://arxiv.org/abs/1808.10143v2
Natural Language Processing, http://arxiv.org/abs/1808.05908v4
Natural Language Processing, http://arxiv.org/abs/1711.03953v4
Natural Language Processing, http://arxiv.org/abs/1709.07432v2
Natural Language Processing, https://arxiv.org/abs/1903.04167
Natural Language Processing, http://arxiv.org/abs/1708.02182v1
Natural Language Processing, http://arxiv.org/abs/1903.04167v2
Natural Language Processing, http://arxiv.org/abs/1810.06682v2
Natural Language Processing, http://arxiv.org/abs/1901.02860v2
Natural Language Processing, http://arxiv.org/abs/1805.09208v2
Natural Language Processing, http://arxiv.org/abs/1806.09055v1
Natural Language Processing, http://arxiv.org/abs/1711.00066v4
Natural Language Processing, http://arxiv.org/abs/1802.03268v2
Natural Language Processing, http://arxiv.org/abs/1611.01578v2
Natural Language Processing, http://arxiv.org/abs/1607.03474v5
Natural Language Processing, http://arxiv.org/abs/1611.01462v3
Natural Language Processing, http://arxiv.org/abs/1808.04444v2
Natural Language Processing, http://arxiv.org/abs/1609.07959v3
Natural Language Processing, http://arxiv.org/abs/1705.08639v2
Natural Language Processing, http://arxiv.org/abs/1609.01704v7
Natural Language Processing, http://arxiv.org/abs/1609.09106v4
Natural Language Processing, http://arxiv.org/abs/1809.10853v3
Natural Language Processing, http://arxiv.org/abs/1803.10049v1
Natural Language Processing, http://arxiv.org/abs/1803.08240v1
Natural Language Processing, http://arxiv.org/abs/1612.08083v3
Natural Language Processing, http://arxiv.org/abs/1612.04426v1
Natural Language Processing, https://openreview.net/forum?id=rk8wKk-R-
Natural Language Processing, http://arxiv.org/abs/1811.02084v1
Natural Language Processing, http://arxiv.org/abs/1602.02410v2
Natural Language Processing, http://arxiv.org/abs/1703.10722v3
Natural Language Processing, http://arxiv.org/abs/1312.3005v3
Natural Language Processing, http://arxiv.org/abs/1412.1454v2
Natural Language Processing, http://arxiv.org/abs/1603.09025v5
Medical, http://arxiv.org/abs/1709.03741v2
Medical, http://arxiv.org/abs/1509.09292v2
Medical, http://arxiv.org/abs/1704.01212v2
Medical, http://arxiv.org/abs/1511.05493v4
Medical, http://arxiv.org/abs/1603.00856v3
Medical, http://arxiv.org/abs/1706.02515v5
Medical, http://arxiv.org/abs/1505.04597v1
Medical, http://arxiv.org/abs/1804.02967v2
Speech, http://arxiv.org/abs/1609.03499v2
Speech, http://arxiv.org/abs/1712.05884v2
Speech, http://arxiv.org/abs/1703.10135v2
Natural Language Processing, http://arxiv.org/abs/1704.07221v1
Natural Language Processing, https://aclanthology.coli.uni-saarland.de/papers/S17-2080/s17-2080
Computer Vision, http://arxiv.org/abs/1705.09759v1
Natural Language Processing, http://arxiv.org/abs/1902.07153v1
Natural Language Processing, http://arxiv.org/abs/1809.10185v1
Natural Language Processing, https://aclanthology.coli.uni-saarland.de/papers/D17-1004/d17-1004
Natural Language Processing, http://arxiv.org/abs/1903.10676v1
Computer Vision, http://arxiv.org/abs/1707.08254v3
Computer Vision, http://arxiv.org/abs/1802.02611v3
Computer Vision, http://arxiv.org/abs/1706.05587v3
Computer Vision, http://arxiv.org/abs/1804.09337v1
Computer Vision, http://arxiv.org/abs/1803.08904v1
Computer Vision, http://arxiv.org/abs/1612.01105v2
Computer Vision, http://arxiv.org/abs/1611.10080v1
Computer Vision, http://arxiv.org/abs/1611.06612v3
Computer Vision, http://arxiv.org/abs/1703.02719v1
Computer Vision, http://arxiv.org/abs/1702.08502v3
Computer Vision, http://arxiv.org/abs/1606.00915v2
Computer Vision, http://arxiv.org/abs/1705.08790v2
Computer Vision, http://arxiv.org/abs/1707.02968v2
Computer Vision, http://arxiv.org/abs/1502.03240v3
Computer Vision, http://arxiv.org/abs/1412.7062v4
Computer Vision, http://arxiv.org/abs/1506.04579v2
Computer Vision, http://arxiv.org/abs/1511.07122v3
Computer Vision, http://arxiv.org/abs/1605.06211v1
Computer Vision, http://arxiv.org/abs/1903.11816v1
Computer Vision, http://arxiv.org/abs/1411.4038v2
Computer Vision, http://arxiv.org/abs/1511.00561v3
Computer Vision, http://arxiv.org/abs/1808.00897v1
Computer Vision, http://arxiv.org/abs/1611.09326v3
Computer Vision, http://arxiv.org/abs/1511.07053v3
Computer Vision, http://arxiv.org/abs/1711.08588v1
Computer Vision, http://arxiv.org/abs/1706.02413v1
Computer Vision, http://arxiv.org/abs/1903.02120v2
Computer Vision, http://arxiv.org/abs/1605.06885v1
Computer Vision, http://arxiv.org/abs/1504.01013v4
Computer Vision, http://arxiv.org/abs/1511.08119v4
Computer Vision, http://arxiv.org/abs/1503.01640v2
Computer Vision, http://arxiv.org/abs/1712.02616v3
Computer Vision, http://arxiv.org/abs/1809.00916v3
Computer Vision, http://arxiv.org/abs/1809.02983v3
Computer Vision, http://arxiv.org/abs/1903.08469v1
Computer Vision, http://arxiv.org/abs/1611.08323v2
Computer Vision, http://arxiv.org/abs/1704.08545v2
Computer Vision, http://arxiv.org/abs/1711.06396v1
Computer Vision, http://arxiv.org/abs/1711.08488v2
Natural Language Processing, http://arxiv.org/abs/1710.03476v1
Natural Language Processing, http://arxiv.org/abs/1810.02245v1
Natural Language Processing, http://arxiv.org/abs/1901.05280v1
Natural Language Processing, https://aclanthology.coli.uni-saarland.de/papers/P18-2058/p18-2058
Natural Language Processing, http://arxiv.org/abs/1712.01586v1
Natural Language Processing, https://aclanthology.coli.uni-saarland.de/papers/P17-1044/p17-1044
Natural Language Processing, http://arxiv.org/abs/1804.08199v3
Natural Language Processing, http://arxiv.org/abs/1803.11175v2
Natural Language Processing, http://arxiv.org/abs/1809.08887v5
Natural Language Processing, https://aclanthology.coli.uni-saarland.de/papers/N18-2046/n18-2046
Natural Language Processing, https://aclanthology.coli.uni-saarland.de/papers/D18-1274/d18-1274
Natural Language Processing, https://aclanthology.coli.uni-saarland.de/papers/N18-1055/n18-1055
Natural Language Processing, http://arxiv.org/abs/1801.08831v1
Natural Language Processing, http://arxiv.org/abs/1807.01270v5
Natural Language Processing, http://arxiv.org/abs/1807.03955v2
Natural Language Processing, http://arxiv.org/abs/1603.06042v2
Natural Language Processing, http://arxiv.org/abs/1506.06158v1
Natural Language Processing, http://arxiv.org/abs/1611.01734v3
Natural Language Processing, http://arxiv.org/abs/1609.07561v1
Natural Language Processing, http://arxiv.org/abs/1603.04351v3
Natural Language Processing, http://arxiv.org/abs/1603.03793v2
Natural Language Processing, http://arxiv.org/abs/1809.08370v1
Natural Language Processing, http://arxiv.org/abs/1808.03731v2
Natural Language Processing, https://aclanthology.coli.uni-saarland.de/papers/C18-1230/c18-1230
Natural Language Processing, http://arxiv.org/abs/1805.07340v2
Natural Language Processing, http://arxiv.org/abs/1808.09315v1
Natural Language Processing, http://arxiv.org/abs/1807.04990v1
Natural Language Processing, http://arxiv.org/abs/1812.01527v1
Natural Language Processing, https://aclanthology.info/papers/P14-1022/p14-1022
Natural Language Processing, https://ntunlpsg.github.io/publication/2018_2_ai/
Natural Language Processing, http://arxiv.org/abs/1511.08630v2
Natural Language Processing, http://arxiv.org/abs/1805.09843v1
Natural Language Processing, https://aclanthology.info/papers/D13-1170/d13-1170
Natural Language Processing, http://arxiv.org/abs/1702.01417v2
Natural Language Processing, https://aclanthology.coli.uni-saarland.de/papers/W17-5535/w17-5535
Natural Language Processing, http://arxiv.org/abs/1809.04505v1
Natural Language Processing, http://arxiv.org/abs/1801.06146v5
Natural Language Processing, https://aclanthology.coli.uni-saarland.de/papers/P17-1052/p17-1052
Natural Language Processing, https://aclanthology.coli.uni-saarland.de/papers/P18-1215/p18-1215
Natural Language Processing, http://arxiv.org/abs/1602.02373v2
Natural Language Processing, http://arxiv.org/abs/1810.09177v3
Natural Language Processing, http://arxiv.org/abs/1805.04174v1
Natural Language Processing, http://arxiv.org/abs/1607.01759v3
Natural Language Processing, http://arxiv.org/abs/1509.01626v3
Natural Language Processing, http://arxiv.org/abs/1901.09821v1
Natural Language Processing, http://arxiv.org/abs/1903.07785v1
Natural Language Processing, https://blog.openai.com/block-sparse-gpu-kernels/
Natural Language Processing, http://arxiv.org/abs/1704.01444v2
Natural Language Processing, http://arxiv.org/abs/1707.01780v3
Natural Language Processing, http://arxiv.org/abs/1812.01207v1
Natural Language Processing, http://arxiv.org/abs/1611.06639v1
Natural Language Processing, http://arxiv.org/abs/1806.01501v1
Natural Language Processing, https://aclanthology.coli.uni-saarland.de/papers/P18-1235/p18-1235
Natural Language Processing, http://arxiv.org/abs/1804.00538v4
Natural Language Processing, https://aclanthology.coli.uni-saarland.de/papers/C18-1172/c18-1172
Natural Language Processing, http://arxiv.org/abs/1704.06125v1
Natural Language Processing, https://aclanthology.coli.uni-saarland.de/papers/S17-2126/s17-2126
Natural Language Processing, http://arxiv.org/abs/1605.07725v3
Natural Language Processing, http://arxiv.org/abs/1412.1058v2
Natural Language Processing, http://arxiv.org/abs/1811.03873v1
Natural Language Processing, http://arxiv.org/abs/1810.09311v1
Natural Language Processing, http://arxiv.org/abs/1804.09530v1
Natural Language Processing, http://arxiv.org/abs/1511.00830v6
Natural Language Processing, http://arxiv.org/abs/1702.08400v3
Natural Language Processing, http://arxiv.org/abs/1505.07818v4
Natural Language Processing, http://arxiv.org/abs/1809.05679v3
Natural Language Processing, http://arxiv.org/abs/1811.09386v1
Natural Language Processing, http://arxiv.org/abs/1807.02291v1
Natural Language Processing, http://arxiv.org/abs/1808.09644v1
Natural Language Processing, http://arxiv.org/abs/1709.08294v3
Natural Language Processing, https://aclanthology.coli.uni-saarland.de/papers/N18-1127/n18-1127
Natural Language Processing, https://aclanthology.coli.uni-saarland.de/papers/W17-4422/w17-4422
Natural Language Processing, http://arxiv.org/abs/1808.09075v1
Natural Language Processing, http://arxiv.org/abs/1804.07827v2
Natural Language Processing, http://arxiv.org/abs/1705.00108v1
Natural Language Processing, https://aclanthology.coli.uni-saarland.de/papers/P18-2038/p18-2038
Natural Language Processing, http://arxiv.org/abs/1603.01360v3
Natural Language Processing, https://aclanthology.coli.uni-saarland.de/papers/D18-1020/d18-1020
Natural Language Processing, http://arxiv.org/abs/1806.03489v1
Natural Language Processing, http://arxiv.org/abs/1702.02098v3
Natural Language Processing, http://arxiv.org/abs/1808.09602v1
Natural Language Processing, http://arxiv.org/abs/1809.07950v1
Natural Language Processing, http://arxiv.org/abs/1812.04361v2
Natural Language Processing, https://aclanthology.coli.uni-saarland.de/papers/P16-1200/p16-1200
Natural Language Processing, https://www.semanticscholar.org/paper/Revisiting-LSTM-Networks-for-Semi-Supervised-Text-Sachan-Petuum/c3f89364aecd661eb032840d2fe3efd0f6d1698c
Natural Language Processing, https://aclanthology.coli.uni-saarland.de/papers/C16-1116/c16-1116
Natural Language Processing, http://arxiv.org/abs/1606.01781v2
Natural Language Processing, http://arxiv.org/abs/1805.07745v4
Natural Language Processing, http://arxiv.org/abs/1806.05516v1
Natural Language Processing, http://arxiv.org/abs/1504.01106v5
Natural Language Processing, http://arxiv.org/abs/1704.05579v4
Natural Language Processing, http://arxiv.org/abs/1805.06413v1
Computer Vision, http://arxiv.org/abs/1801.01671v2
Computer Vision, http://arxiv.org/abs/1806.02559v1
Computer Vision, http://arxiv.org/abs/1801.09969v1
Computer Vision, http://arxiv.org/abs/1802.08948v2
Computer Vision, http://arxiv.org/abs/1709.03272v4
Computer Vision, http://arxiv.org/abs/1706.09579v2
Computer Vision, http://arxiv.org/abs/1704.03155v2
Computer Vision, http://arxiv.org/abs/1708.06720v1
Computer Vision, http://arxiv.org/abs/1709.00138v1
Computer Vision, http://arxiv.org/abs/1703.06520v3
Playing Games, http://arxiv.org/abs/1811.04551v3
Natural Language Processing, https://dl.acm.org/citation.cfm?id=3308781
Natural Language Processing, https://dl.acm.org/citation.cfm?id=3271800
Natural Language Processing, http://arxiv.org/abs/1810.12936v1
Natural Language Processing, http://arxiv.org/abs/1704.08803v2
Natural Language Processing, http://arxiv.org/abs/1711.08611v1
Natural Language Processing, http://arxiv.org/abs/1809.01682v2
Computer Vision, http://arxiv.org/abs/1612.06321v4
Computer Vision, http://arxiv.org/abs/1604.01325v2
Computer Vision, http://arxiv.org/abs/1604.02426v3
Computer Vision, http://arxiv.org/abs/1804.00382v2
Natural Language Processing, http://arxiv.org/abs/1504.05070v2
Natural Language Processing, http://arxiv.org/abs/1810.01808v1
Methodology, http://arxiv.org/abs/1805.01890v2
Computer Vision, http://arxiv.org/abs/1903.10146v1
Computer Vision, http://arxiv.org/abs/1801.09321v3
Computer Vision, http://arxiv.org/abs/1704.03557v1
Computer Vision, http://arxiv.org/abs/1708.03273v1
Computer Vision, http://arxiv.org/abs/1502.07058v1
Natural Language Processing, https://aclanthology.coli.uni-saarland.de/papers/N18-2108/n18-2108
Natural Language Processing, http://arxiv.org/abs/1707.07045v2
Natural Language Processing, http://arxiv.org/abs/1704.04920v3
Computer Vision, http://arxiv.org/abs/1809.05571v1
Computer Vision, http://arxiv.org/abs/1805.07036v1
Computer Vision, http://arxiv.org/abs/1611.00850v2
Computer Vision, http://arxiv.org/abs/1805.09300v3
Computer Vision, http://arxiv.org/abs/1803.01534v4
Computer Vision, http://arxiv.org/abs/1708.01241v2
Computer Vision, http://arxiv.org/abs/1711.07971v3
Computer Vision, http://arxiv.org/abs/1811.04533v3
Computer Vision, http://arxiv.org/abs/1901.08043v2
Computer Vision, http://arxiv.org/abs/1712.00726v1
Computer Vision, http://arxiv.org/abs/1901.03353v1
Computer Vision, http://arxiv.org/abs/1803.08494v3
Computer Vision, http://arxiv.org/abs/1711.06897v3
Computer Vision, http://arxiv.org/abs/1811.05181v1
Computer Vision, http://arxiv.org/abs/1703.06211v3
Computer Vision, http://arxiv.org/abs/1708.02002v2
Computer Vision, http://arxiv.org/abs/1807.11590v1
Computer Vision, http://arxiv.org/abs/1703.06870v3
Computer Vision, http://arxiv.org/abs/1708.08169v1
Computer Vision, http://arxiv.org/abs/1612.06851v2
Computer Vision, http://arxiv.org/abs/1612.03144v2
Computer Vision, http://arxiv.org/abs/1512.03385v1
Computer Vision, http://arxiv.org/abs/1611.10012v3
Computer Vision, http://arxiv.org/abs/1604.02135v2
Computer Vision, http://arxiv.org/abs/1804.02767v1
Computer Vision, http://arxiv.org/abs/1612.08242v1
Computer Vision, http://arxiv.org/abs/1409.4842v1
Computer Vision, http://arxiv.org/abs/1312.6229v4
Computer Vision, http://arxiv.org/abs/1708.02863v1
Computer Vision, http://arxiv.org/abs/1406.4729v4
Computer Vision, http://arxiv.org/abs/1708.02813v1
Computer Vision, http://arxiv.org/abs/1605.06409v2
Computer Vision, http://arxiv.org/abs/1604.03540v1
Computer Vision, http://arxiv.org/abs/1703.10295v3
Computer Vision, http://arxiv.org/abs/1704.03414v1
Computer Vision, http://arxiv.org/abs/1506.01497v3
Computer Vision, http://arxiv.org/abs/1504.08083v2
Computer Vision, http://arxiv.org/abs/1604.04693v3
Computer Vision, http://arxiv.org/abs/1506.02640v5
Computer Vision, http://arxiv.org/abs/1811.12596v1
Computer Vision, http://arxiv.org/abs/1802.00434v1
Computer Vision, http://arxiv.org/abs/1603.06937v2
Computer Vision, http://arxiv.org/abs/1602.00134v4
Computer Vision, http://arxiv.org/abs/1711.07399v3
Computer Vision, http://arxiv.org/abs/1603.07076v3
Computer Vision, http://arxiv.org/abs/1902.09212v1
Computer Vision, http://arxiv.org/abs/1708.01101v1
Computer Vision, http://arxiv.org/abs/1702.07432v1
Computer Vision, http://arxiv.org/abs/1808.02194v2
Computer Vision, http://arxiv.org/abs/1705.02407v2
Computer Vision, http://arxiv.org/abs/1711.08229v4
Computer Vision, http://arxiv.org/abs/1808.06521v1
Computer Vision, http://arxiv.org/abs/1605.03170v3
Computer Vision, http://arxiv.org/abs/1511.06645v2
Computer Vision, http://arxiv.org/abs/1710.02322v1
Computer Vision, http://arxiv.org/abs/1804.06208v2
Natural Language Processing, https://aclanthology.coli.uni-saarland.de/papers/N16-1026/n16-1026
Natural Language Processing, https://aclanthology.coli.uni-saarland.de/papers/P16-2038/p16-2038
Natural Language Processing, http://arxiv.org/abs/1611.01587v5
Natural Language Processing, http://arxiv.org/abs/1810.03541v1
Natural Language Processing, https://aclanthology.coli.uni-saarland.de/papers/D16-1065/d16-1065
Natural Language Processing, https://aclanthology.coli.uni-saarland.de/papers/P16-1001/p16-1001
Natural Language Processing, http://arxiv.org/abs/1805.01052v1
Natural Language Processing, http://arxiv.org/abs/1707.03058v1
Natural Language Processing, https://aclanthology.coli.uni-saarland.de/papers/P18-2097/p18-2097
Natural Language Processing, https://aclanthology.coli.uni-saarland.de/papers/Q17-1029/q17-1029
Natural Language Processing, https://aclanthology.coli.uni-saarland.de/papers/D16-1257/d16-1257
Natural Language Processing, http://arxiv.org/abs/1611.05774v2
Natural Language Processing, http://arxiv.org/abs/1412.7449v3
Natural Language Processing, http://arxiv.org/abs/1602.07776v4
Methodology, http://arxiv.org/abs/1702.06925v3
Graphs, https://openreview.net/forum?id=Byl8BnRcYm
Graphs, http://arxiv.org/abs/1605.05273v4
Graphs, http://arxiv.org/abs/1805.11921v3
Graphs, http://arxiv.org/abs/1805.08090v4
Computer Vision, http://openaccess.thecvf.com/content_ECCV_2018/html/Tobias_Fischer_RT-GENE_Real-Time_Eye_ECCV_2018_paper.html
Natural Language Processing, https://aclanthology.coli.uni-saarland.de/papers/E17-2047/e17-2047
Natural Language Processing, https://aclanthology.coli.uni-saarland.de/papers/D17-1222/d17-1222
Natural Language Processing, https://aclanthology.coli.uni-saarland.de/papers/C18-1121/c18-1121
Natural Language Processing, https://aclanthology.coli.uni-saarland.de/papers/P17-1101/p17-1101
Natural Language Processing, https://aclanthology.coli.uni-saarland.de/papers/N16-1012/n16-1012
Natural Language Processing, http://arxiv.org/abs/1602.06023v5
Natural Language Processing, http://arxiv.org/abs/1711.04434v1
Natural Language Processing, https://aclanthology.coli.uni-saarland.de/papers/P18-1015/p18-1015
Natural Language Processing, https://aclanthology.coli.uni-saarland.de/papers/N18-1064/n18-1064
Natural Language Processing, https://aclanthology.coli.uni-saarland.de/papers/P18-2027/p18-2027
Natural Language Processing, https://aclanthology.coli.uni-saarland.de/papers/P18-1064/p18-1064
Natural Language Processing, https://aclanthology.coli.uni-saarland.de/papers/C18-1146/c18-1146
Computer Vision, http://arxiv.org/abs/1808.00157v1
Playing Games, http://arxiv.org/abs/1511.06581v3
Playing Games, http://arxiv.org/abs/1602.07714v2
Playing Games, http://arxiv.org/abs/1511.05952v4
Playing Games, http://arxiv.org/abs/1806.06923v1
Playing Games, http://arxiv.org/abs/1602.04621v3
Playing Games, http://arxiv.org/abs/1602.01783v2
Playing Games, http://arxiv.org/abs/1509.06461v3
Playing Games, http://arxiv.org/abs/1707.06887v1
Playing Games, http://arxiv.org/abs/1507.04296v2
Playing Games, http://arxiv.org/abs/1703.03864v2
Playing Games, http://arxiv.org/abs/1207.4708v2
Playing Games, http://arxiv.org/abs/1611.04717v3
Playing Games, http://arxiv.org/abs/1703.01310v2
Playing Games, http://arxiv.org/abs/1606.01868v2
Playing Games, http://arxiv.org/abs/1706.08090v1
Playing Games, http://arxiv.org/abs/1507.00814v3
Playing Games, http://arxiv.org/abs/1312.5602v1
Playing Games, http://arxiv.org/abs/1810.12894v1
Playing Games, http://arxiv.org/abs/1811.01483v3
Playing Games, http://arxiv.org/abs/1807.11622v3
Playing Games, http://arxiv.org/abs/1803.00933v1
Playing Games, http://arxiv.org/abs/1802.01561v3
Playing Games, http://arxiv.org/abs/1704.04651v2
Miscellaneous, http://arxiv.org/abs/1802.09127v1
Natural Language Processing, http://arxiv.org/abs/1704.04565v2
Computer Vision, http://arxiv.org/abs/1708.03416v2
Computer Vision, http://arxiv.org/abs/1711.08996v1
Computer Vision, http://arxiv.org/abs/1702.02447v2
Computer Vision, http://arxiv.org/abs/1708.08325v1
Time Series, http://arxiv.org/abs/1707.01926v3
Miscellaneous, http://arxiv.org/abs/1606.03976v5
Computer Vision, http://arxiv.org/abs/1811.06965v4
Computer Vision, http://arxiv.org/abs/1901.09321v2
Computer Vision, http://arxiv.org/abs/1803.05407v3
Computer Vision, http://arxiv.org/abs/1608.06993v5
Computer Vision, http://arxiv.org/abs/1412.6071v4
Computer Vision, http://arxiv.org/abs/1802.06205v1
Computer Vision, http://arxiv.org/abs/1703.01041v2
Computer Vision, http://arxiv.org/abs/1412.6806v3
Computer Vision, http://arxiv.org/abs/1608.06037v7
Computer Vision, http://arxiv.org/abs/1603.05027v3
Computer Vision, http://arxiv.org/abs/1707.04873v2
Computer Vision, http://arxiv.org/abs/1705.09792v4
Computer Vision, http://arxiv.org/abs/1604.04112v4
Computer Vision, http://arxiv.org/abs/1511.06422v7
Computer Vision, http://arxiv.org/abs/1509.08985v2
Computer Vision, http://arxiv.org/abs/1409.6070v1
Computer Vision, http://arxiv.org/abs/1502.05700v2
Computer Vision, http://arxiv.org/abs/1511.07289v5
Computer Vision, http://arxiv.org/abs/1511.03719v7
Computer Vision, http://arxiv.org/abs/1511.02583v1
Computer Vision, http://arxiv.org/abs/1511.05635v1
Computer Vision, http://arxiv.org/abs/1412.6830v3
Computer Vision, http://arxiv.org/abs/1507.06228v2
Computer Vision, http://arxiv.org/abs/1506.02351v8
Computer Vision, http://arxiv.org/abs/1409.5185v2
Computer Vision, http://papers.nips.cc/paper/5647-binaryconnect-training-deep-neural-networks-with-binary-weights-during-propagations
Computer Vision, http://arxiv.org/abs/1701.06264v6
Computer Vision, http://arxiv.org/abs/1508.00330v2
Computer Vision, http://papers.nips.cc/paper/5649-spectral-representations-for-convolutional-neural-networks
Computer Vision, http://arxiv.org/abs/1312.4400v3
Computer Vision, http://papers.nips.cc/paper/5276-deep-networks-with-internal-selective-attention-through-feedback-connections
Computer Vision, http://arxiv.org/abs/1302.4389v4
Computer Vision, http://arxiv.org/abs/1312.6116v2
Computer Vision, http://papers.nips.cc/paper/4522-practical-bayesian-optimization-of-machine-learning-algorithms
Computer Vision, http://arxiv.org/abs/1505.03229v1
Computer Vision, http://arxiv.org/abs/1710.02286v1
Computer Vision, http://papers.nips.cc/paper/4824-imagenet-classification-with-deep-convolutional-neural-networks
Computer Vision, http://arxiv.org/abs/1505.00853v2
Computer Vision, http://arxiv.org/abs/1202.2745v1
Computer Vision, http://arxiv.org/abs/1505.00393v3
Computer Vision, http://arxiv.org/abs/1412.6597v4
Computer Vision, http://arxiv.org/abs/1301.3557v1
Computer Vision, http://arxiv.org/abs/1207.0580v1
Computer Vision, http://arxiv.org/abs/1406.3332v2
Computer Vision, http://papers.nips.cc/paper/5548-discriminative-unsupervised-feature-learning-with-convolutional-neural-networks
Computer Vision, http://papers.nips.cc/paper/4747-learning-with-recursive-perceptual-representations
Computer Vision, http://arxiv.org/abs/1404.3606v2
Computer Vision, http://arxiv.org/abs/1503.04596v3
Computer Vision, http://arxiv.org/abs/1603.09382v3
Computer Vision, http://arxiv.org/abs/1605.07146v4
Computer Vision, http://arxiv.org/abs/1709.10282v1
Computer Vision, http://arxiv.org/abs/1709.01507v3
Computer Vision, http://arxiv.org/abs/1707.06642v2
Computer Vision, http://arxiv.org/abs/1710.09829v2
Computer Vision, http://arxiv.org/abs/1706.02003v2
Computer Vision, http://arxiv.org/abs/1410.0736v4
Computer Vision, http://papers.nips.cc/paper/5029-discriminative-transfer-learning-with-tree-based-priors
Computer Vision, https://arxiv.org/abs/1807.06653
Computer Vision, http://arxiv.org/abs/1708.04552v2
Computer Vision, http://arxiv.org/abs/1611.06430v1
Computer Vision, http://arxiv.org/abs/1511.06241v2
Computer Vision, http://papers.nips.cc/paper/5086-multi-task-bayesian-optimization
Computer Vision, http://arxiv.org/abs/1412.7259v3
Computer Vision, http://arxiv.org/abs/1406.5947v1
Computer Vision, http://arxiv.org/abs/1402.5766v1
Computer Vision, http://arxiv.org/abs/1709.07634v2
Computer Vision, http://arxiv.org/abs/1605.07648v4
Computer Vision, http://arxiv.org/abs/1312.6082v4
Computer Vision, http://arxiv.org/abs/1802.01548v7
Computer Vision, http://arxiv.org/abs/1707.07012v4
Computer Vision, http://arxiv.org/abs/1707.01629v2
Computer Vision, http://arxiv.org/abs/1611.05725v2
Computer Vision, http://arxiv.org/abs/1611.05431v2
Computer Vision, http://arxiv.org/abs/1602.07261v2
Computer Vision, http://arxiv.org/abs/1610.02357v3
Computer Vision, http://arxiv.org/abs/1512.00567v3
Computer Vision, http://arxiv.org/abs/1502.03167v3
Computer Vision, http://arxiv.org/abs/1707.01083v2
Computer Vision, http://arxiv.org/abs/1704.04861v1
Computer Vision, http://arxiv.org/abs/1502.00702v2
Computer Vision, http://arxiv.org/abs/1412.7149v4
Computer Vision, http://arxiv.org/abs/1603.08367v1
Computer Vision, http://arxiv.org/abs/1412.6572v3
Natural Language Processing, http://arxiv.org/abs/1812.10464v1
Natural Language Processing, http://arxiv.org/abs/1811.01136v1
Natural Language Processing, http://arxiv.org/abs/1511.06709v4
Computer Code, http://arxiv.org/abs/1804.00823v4
Computer Vision, http://arxiv.org/abs/1809.02693v1
Computer Vision, http://arxiv.org/abs/1708.05237v3
Computer Vision, http://arxiv.org/abs/1811.11662v1
Computer Vision, http://arxiv.org/abs/1603.01249v3
Computer Vision, http://arxiv.org/abs/1707.09531v2
Computer Vision, http://arxiv.org/abs/1708.05234v4
Computer Vision, http://arxiv.org/abs/1607.05477v1
Computer Vision, http://arxiv.org/abs/1408.1656v3
Computer Vision, http://arxiv.org/abs/1606.00850v3
Computer Vision, http://arxiv.org/abs/1810.10220v2
Computer Vision, http://arxiv.org/abs/1803.07737v2
Computer Vision, http://arxiv.org/abs/1802.02142v1
Computer Vision, http://arxiv.org/abs/1709.05256v2
Computer Vision, http://arxiv.org/abs/1612.04402v2
Computer Vision, http://arxiv.org/abs/1606.05413v1
Computer Vision, http://arxiv.org/abs/1604.02878v1
Computer Vision, http://arxiv.org/abs/1701.01692v1
Computer Vision, http://arxiv.org/abs/1511.06523v1
Computer Vision, http://arxiv.org/abs/1407.4023v2
Computer Vision, http://arxiv.org/abs/1607.07155v1
Computer Vision, http://papers.nips.cc/paper/6612-dual-agent-gans-for-photorealistic-and-identity-preserving-profile-face-synthesis
Computer Vision, http://arxiv.org/abs/1703.09507v3
Computer Vision, http://arxiv.org/abs/1803.00839v1
Computer Vision, http://arxiv.org/abs/1603.05474v4
Computer Vision, http://arxiv.org/abs/1603.03958v3
Computer Vision, http://arxiv.org/abs/1611.00851v1
Computer Vision, http://arxiv.org/abs/1708.07517v2
Computer Vision, http://arxiv.org/abs/1604.05417v3
Computer Vision, http://arxiv.org/abs/1603.07057v2
Computer Vision, http://arxiv.org/abs/1508.01722v2
Computer Vision, http://arxiv.org/abs/1603.07388v1
Computer Vision, http://arxiv.org/abs/1507.07242v2
Computer Vision, http://arxiv.org/abs/1801.07698v3
Computer Vision, http://arxiv.org/abs/1801.09414v2
Computer Vision, http://arxiv.org/abs/1704.08063v4
Computer Vision, http://arxiv.org/abs/1503.03832v3
Computer Vision, http://arxiv.org/abs/1511.02683v4
Computer Vision, http://arxiv.org/abs/1809.00338v2
Computer Vision, http://arxiv.org/abs/1807.09192v1
Computer Vision, http://arxiv.org/abs/1803.06524v2
Computer Vision, http://arxiv.org/abs/1704.03373v1
Computer Vision, http://arxiv.org/abs/1807.08512v4
Computer Vision, http://arxiv.org/abs/1412.1265v1
Computer Vision, http://arxiv.org/abs/1612.04904v1
Computer Vision, http://arxiv.org/abs/1803.00130v1
Computer Vision, http://arxiv.org/abs/1406.4773v1
Computer Vision, http://arxiv.org/abs/1404.3840v3
Computer Vision, http://arxiv.org/abs/1810.09951v1
Computer Vision, http://arxiv.org/abs/1805.04855v1
Computer Vision, http://arxiv.org/abs/1701.01879v2
Computer Vision, http://arxiv.org/abs/1509.05371v2
Playing Games, http://arxiv.org/abs/1712.01815v1
Natural Language Processing, http://arxiv.org/abs/1901.04085v4
Natural Language Processing, http://arxiv.org/abs/1903.07666v1
Natural Language Processing, https://aclanthology.coli.uni-saarland.de/papers/W18-0524/w18-0524
Graphs, http://arxiv.org/abs/1808.03965v1
Graphs, http://arxiv.org/abs/1803.10459v3
Graphs, http://arxiv.org/abs/1809.10341v2
Graphs, http://arxiv.org/abs/1802.08352v2
Graphs, http://arxiv.org/abs/1609.02907v4
Graphs, http://arxiv.org/abs/1606.09375v3
Graphs, http://arxiv.org/abs/1603.08861v2
Graphs, http://arxiv.org/abs/1403.6652v2
Graphs, http://arxiv.org/abs/1711.08267v1
Graphs, http://arxiv.org/abs/1704.03165v3
Graphs, http://arxiv.org/abs/1607.00653v1
Graphs, http://arxiv.org/abs/1503.03578v1
Medical, http://arxiv.org/abs/1806.02750v1
Computer Vision, http://arxiv.org/abs/1812.05784v1
Medical, http://arxiv.org/abs/1803.06589v2
Computer Vision, http://arxiv.org/abs/1611.02200v1
Computer Vision, http://arxiv.org/abs/1702.05464v1
Computer Vision, http://arxiv.org/abs/1409.7495v2
Computer Vision, https://arxiv.org/abs/1902.06871
Miscellaneous, http://arxiv.org/abs/1803.05170v3
Miscellaneous, http://arxiv.org/abs/1703.04247v1
Miscellaneous, http://arxiv.org/abs/1611.00144v1
Miscellaneous, http://arxiv.org/abs/1606.07792v1
Miscellaneous, http://arxiv.org/abs/1601.02376v1
Miscellaneous, http://arxiv.org/abs/1706.06978v4
Computer Vision, https://arxiv.org/abs/1812.02122
Natural Language Processing, http://arxiv.org/abs/1808.09419v1
Methodology, http://arxiv.org/abs/1903.05503v1
Medical, http://arxiv.org/abs/1806.04185v1
