09,ML
24,IMAGING
30,ML
34,ML
37,IMAGING
42,IMAGING
43,GAN
49,GAN
52,GAN
58,ML
71,ML
78,ML
94,ML
a-character-level-convolutional-neural,NLP
adversarial-computation-of-optimal-transport,GAN
an-optimal-control-approach-to-deep-learning,ML
artistic-style-transfer-for-videos,ML
banach-wasserstein-gan,GAN
bert-pre-training-of-deep-bidirectional,NLP
bilateral-multi-perspective-matching-for,NLP
comet-commonsense-transformers-for-automatic,ML
convolutional-neural-networks-for-2,ML
data-driven-prediction-of-a-multi-scale,ML
deep-convolutional-neural-networks-and-data-1,ML
deep-learning-development-environment-in,IMAGING
deep-spatio-temporal-neural-networks-for,ML
delving-deep-into-rectifiers-surpassing-human,IMAGING
densefuse-a-fusion-approach-to-infrared-and,IMAGING
diagonal-rnns-in-symbolic-music-modeling,ML
end-to-end-learning-for-self-driving-cars,ML
fast-disparity-estimation-using-dense,IMAGING
grounded-textual-entailment,NLP
hdr-image-reconstruction-from-a-single,IMAGING
homogeneous-vector-capsules-enable-adaptive,ML
human-pose-estimation-with-spatial-contextual,IMAGING
image-to-markup-generation-with-coarse-to,IMAGING
improved-network-robustness-with-adversary,GAN
incorporating-long-range-consistency-in-cnn,IMAGING
infogan-cr-disentangling-generative,GAN
joint-3d-proposal-generation-and-object,IMAGING
learning-explainable-models-using-attribution,ML
modeling-sentiment-dependencies-with-graph,NLP
neural-dynamics-discovery-via-gaussian,ML
neural-variational-inference-for-estimating,ML
normalized-object-coordinate-space-for-2,IMAGING
optimizing-cnn-based-hyperspectral,IMAGING
pointnet-deep-learning-on-point-sets-for-3d,IMAGING
progressive-growing-of-gans-for-improved,GAN
relaxed-quantization-for-discretized-neural,ML
representation-learning-assisted-click,ML
smiles-x-autonomous-molecular-compounds,ML
spatio-thermal-depth-correction-of-rgb-d,IMAGING
speeding-up-vp9-intra-encoder-with,IMAGING
stackgan-text-to-photo-realistic-image,GAN
struc2vec-learning-node-representations-from,ML
supervised-fitting-of-geometric-primitives-to,IMAGING
temporal-tessellation-a-unified-approach-for,IMAGING
time-series-cluster-kernel-for-learning,ML
towards-fast-computation-of-certified,ML
training-neural-networks-for-and-by,ML
understanding-measures-of-uncertainty-for,ML
unsupervised-diverse-colorization-via,GAN
unsupervised-training-for-3d-morphable-model,IMAGING
utilizing-domain-knowledge-in-end-to-end,ML
very-deep-convolutional-networks-for-text,NLP
what-does-bert-look-at-an-analysis-of-berts,NLP
xlnet-generalized-autoregressive-pretraining,NLP
